participant_id	age	sex	gender	handedness	test_date	thermode	eeg_system	physio_available	ismale	qsocio_test_date	qsocio_participant_id	qsocio_experimentation_date	qsocio_age_in_years	qsocio_sex	qsocio_gender	qsocio_gender_if_other	qsocio_ethnicity	qsocio_ethnicity_if_other	qsocio_education	qsocio_handedness	qbdi_1	qbdi_2	qbdi_3	qbdi_4	qbdi_5	qbdi_6	qbdi_7	qbdi_8	qbdi_9	qbdi_10	qbdi_11	qbdi_12	qbdi_13	qbdi_14	qbdi_15	qbdi_16	qbdi_17	qbdi_18	qbdi_19	qbdi_20	qbdi_21	bdi_total	qiastay2_1	qiastay2_2	qiastay2_3	qiastay2_4	qiastay2_5	qiastay2_6	qiastay2_7	qiastay2_8	qiastay2_9	qiastay2_10	qiastay2_11	qiastay2_12	qiastay2_13	qiastay2_14	qiastay2_15	qiastay2_16	qiastay2_17	qiastay2_18	qiastay2_19	qiastay2_20	iastay2_total	qiastay1_1	qiastay1_2	qiastay1_3	qiastay1_4	qiastay1_5	qiastay1_6	qiastay1_7	qiastay1_8	qiastay1_9	qiastay1_10	qiastay1_11	qiastay1_12	qiastay1_13	qiastay1_14	qiastay1_15	qiastay1_16	qiastay1_17	qiastay1_18	qiastay1_19	qiastay1_20	iastay1_total	qpcs_1	qpcs_2	qpcs_3	qpcs_4	qpcs_5	qpcs_6	qpcs_7	qpcs_8	qpcs_9	qpcs_10	qpcs_11	qpcs_12	qpcs_13	pcs_total	journal_date	journal_thermode_or_audio_first	journal_resting_eyes_open_or_closed_first	journal_comments	calib_audio_0	calib_audio_1	calib_audio_2	calib_thermal_0	calib_thermal_1	calib_thermal_2	audioactive_perc_mismatch	audioactive_dur	audioactive_nchans_all	audioactive_nchans_eeg	audioactive_nchans_others	audioactive_sfreq	audioactive_import_issues	audiopassive_perc_mismatch	audiopassive_dur	audiopassive_nchans_all	audiopassive_nchans_eeg	audiopassive_nchans_others	audiopassive_sfreq	audiopassive_import_issues	chemicalactive_perc_mismatch	chemicalactive_dur	chemicalactive_nchans_all	chemicalactive_nchans_eeg	chemicalactive_nchans_others	chemicalactive_sfreq	chemicalactive_import_issues	chemicalpassive_perc_mismatch	chemicalpassive_dur	chemicalpassive_nchans_all	chemicalpassive_nchans_eeg	chemicalpassive_nchans_others	chemicalpassive_sfreq	chemicalpassive_import_issues	disgustactive_perc_mismatch	disgustactive_dur	disgustactive_nchans_all	disgustactive_nchans_eeg	disgustactive_nchans_others	disgustactive_sfreq	disgustactive_import_issues	disgustpassive_perc_mismatch	disgustpassive_dur	disgustpassive_nchans_all	disgustpassive_nchans_eeg	disgustpassive_nchans_others	disgustpassive_sfreq	disgustpassive_import_issues	restingopen_perc_mismatch	restingopen_dur	restingopen_nchans_all	restingopen_nchans_eeg	restingopen_nchans_others	restingopen_sfreq	restingopen_import_issues	thermalactive_perc_mismatch	thermalactive_dur	thermalactive_nchans_all	thermalactive_nchans_eeg	thermalactive_nchans_others	thermalactive_sfreq	thermalactive_import_issues	thermalpassive_perc_mismatch	thermalpassive_dur	thermalpassive_nchans_all	thermalpassive_nchans_eeg	thermalpassive_nchans_others	thermalpassive_sfreq	thermalpassive_import_issues	restingclose_dur	restingclose_perc_mismatch	restingclose_nchans_all	restingclose_nchans_eeg	restingclose_nchans_others	restingclose_sfreq	restingclose_import_issues
sub-002	25	m	Male	right	07-06-2023	TSA	EGI - NA300	No	1	07/06/2023 17:07:30	sub-002	07-06-2023	25	Male	Male		White		Bachelor’s degree (e.g., B.A., B.Sc., B.Ed., LL.B.)	Right	0	1	0	0	0	1	1	2	0	0	0	0	0	0	0	0	0	0	0	0	0	5	3	3	3	3	2	2	3	1	3	3	2	3	4	2	3	2	3	3	2	2	49	4	4	2	1	4	1	1	3	1	3	4	3	1	3	3	3	2	1	3	3	32	2	1	2	1	1	4	2	4	3	2	3	2	3	30	June 7, 2023	Thermode		Has mild tinnitus. Electrodes TP10 and TP9 between 10 and 15 for impedance. Moves a bit (e.g. during thermalpassive and active, raises arm to scratch). Wears glasses over the EEG cap. No light in the booth for resting and thermalpassive (dead batteries). BIOPAC not turned on for resting (forgotten).	52.5	61.0000000000002	71.4000000000003	41.6899999999997	44.3599999999991	46.3199999999987	0.658780644535767	490	66	63	3	1000		0.80722219452548	490	66	63	3	1000		0.704235747785603	300	66	63	3	1000		0.687151148649605	300	66	63	3	1000		0.71259550827952	300	66	63	3	1000		0.88755492952798	300.001	66	63	3	1000		1.57888709612159	300.501	66	63	3	1000		1.49292399827898	500	66	63	3	1000		1.58861904498413	500	66	63	3	1000								
sub-003	21	m	Male	right	09-06-2023	TSA	EGI - NA300	No	1	09/06/2023 12:08:44	sub-003	09-06-2023	21	Male	Male		Black		CÉGEP/College/Technique	Right	0	0	0	0	1	0	0	2	0	0	0	0	0	0	0	1	1	0	0	0	1	6	4	1	3	1	1	2	3	1	1	4	1	2	3	2	2	4	3	2	3	1	33	3	4	1	1	2	1	1	3	1	3	4	1	1	1	3	4	1	1	4	4	26	0	1	0	0	2	2	1	3	4	4	3	4	2	26	June 9, 2023	Audio		Afro-textured hair (very short). Electrodes AF7, AF3, and AFz don't track their line well on the EEG computer. They seem to be merging (possible bridging?). Electrode TP9 has a slight tendency to show large parabolic swings but is loose/floating. Thermal: bug with EMBCP where the max temperature was 47. The stimulations should have been 44.6, 47.2, and 47.9. Those actually administered were 44.6, 46.3, and 47. Chemical passive: electrode Oz is behaving erratically.	57.6000000000001	68.3000000000003	78.7000000000004	44.6599999999991	46.3	47	0	490	66	63	3	1000		0	490	66	63	3	1000		0	300	66	63	3	1000		0	300	66	63	3	1000		0	300	66	63	3	1000		0	300.001	66	63	3	1000		0	300.504	66	63	3	1000		0	500	66	63	3	1000		0	500	66	63	3	1000								
sub-004	26	f	Female	right	15-06-2023	TSA	EGI - NA300	No	0	15/06/2023 12:05:39	sub-004	15-06-2023	26	Female	Female		Other	Canadian of Moroccan descent	Master (e.g., M.A., M.Sc., M.Ed., M.B.A.)	Right	0	0	0	0	0	0	0	0	0	0	0	0	0	0	0	0	0	0	0	0	0	0	4	1	4	2	1	3	4	1	2	4	1	1	4	3	1	4	1	1	4	2	25	4	4	1	1	4	1	1	4	1	4	4	1	1	1	3	4	2	1	4	4	22	0	0	0	1	0	1	0	2	0	0	1	0	0	5	June 15, 2023	Thermode		BIOPAC forgotten. Tabasco very intense.	55.8000000000001	62.7000000000002	71.4000000000003	41.6099999999997	43.7799999999993	46.3199999999987	0	490	66	63	3	1000		0	490	66	63	3	1000		0	300	66	63	3	1000		0	300	66	63	3	1000		0	300	66	63	3	1000		0	300.003	66	63	3	1000		0	300.501	66	63	3	1000		0	500	66	63	3	1000		0	500	66	63	3	1000								
sub-005	23	f	Female	right	15 06 2023	TSA	EGI - NA300	No	0	15/06/2023 15:53:41	sub-005	15 06 2023	23	Female	Female		White	French	Bachelor’s degree (e.g., B.A., B.Sc., B.Ed., LL.B.)	Right	0	0	0	0	1	0	0	0	0	1	0	0	0	0	0	0	0	1	0	0	0	3	3	1	3	1	1	2	2	2	2	4	1	2	4	3	1	3	1	2	3	1	33	2	4	3	1	2	1	1	1	1	3	2	1	1	2	1	2	3	1	2	2	44	0	0	0	4	3	0	0	1	4	4	2	1	0	19	June 15, 2023	Audio		TP10 more around 11-15, loose/floating. For disgustpassive, didn't really swallow. For disgustactive and chemicalactive, holds the response box with both hands.	56.1000000000001	64.9000000000002	75.0000000000004	41.8199999999996	43.5799999999993	45.5099999999989	0	490	66	63	3	1000		0	490	66	63	3	1000		0	300	66	63	3	1000		0	300	66	63	3	1000		0	300	66	63	3	1000		0	300.003	66	63	3	1000		0	300.504	66	63	3	1000		0	500	66	63	3	1000		0	500	66	63	3	1000								
sub-006	26	f	Female	right	21-06-2023	TSA	EGI - NA300	No	0	21/06/2023 16:27:07	sub-006	21-06-2023	26	Female	Female		White		Bachelor’s degree (e.g., B.A., B.Sc., B.Ed., LL.B.)	Right	0	0	0	0	1	1	0	1	0	0	1	0	0	0	0	0	0	0	0	0	0	4	4	1	4	2	1	3	3	2	2	4	1	1	4	3	2	4	1	1	2	2	30	4	4	1	2	4	1	1	1	1	4	3	1	1	1	3	4	3	2	2	4	31	1	0	0	0	0	1	0	2	0	0	1	1	1	7	June 21, 2023	Thermode		End of thermalpassive (last minute): coughs. Clears throat occasionally during the other tasks. BIOPAC forgotten. The texture of the filter paper is somewhat problematic sensorially.	56.1000000000001	66.6000000000002	77.5000000000004	42.2199999999996	44.829999999999	46.7399999999987	0	490	66	63	3	1000		0	490	66	63	3	1000		0	300	66	63	3	1000		0	300	66	63	3	1000		0	300	66	63	3	1000		0	300.001	66	63	3	1000		0	300.502	66	63	3	1000		0	500	66	63	3	1000		0	500	66	63	3	1000								
sub-007	32	f	Female	right	22-06-2023	TSA	EGI - NA300	No	0	22/06/2023 16:32:38	sub-007	22-06-2023	32	Female	Female		White		Master (e.g., M.A., M.Sc., M.Ed., M.B.A.)	Right	0	0	0	0	0	0	0	1	0	0	0	0	0	0	0	0	0	0	0	0	0	1	4	2	3	3	1	2	2	2	2	3	1	3	4	3	2	3	2	2	3	2	40	4	4	2	3	3	1	1	3	1	4	3	2	1	1	2	3	2	1	3	3	33	1	1	1	2	1	1	0	0	1	1	1	1	1	12	June 22, 2023	Audio		Audio: the headphones press on the electrodes a bit more than usual. Electrodes slightly noisier at that location. Thermal: two temperatures above 47. To respect safety constraints, the 47.1 intensity was changed to 46.9. The 47.9 temperature was kept. Disgust: doesn't find it gross, almost feels like it has no taste at all. Chemical: likes Tabasco and spicy food.	68.7000000000003	77.8000000000004	84.6000000000005	45.3699999999989	46.9	47.9899999999984	0	490	66	63	3	1000		0	490	66	63	3	1000		0	300	66	63	3	1000		0	300	66	63	3	1000		0	300	66	63	3	1000		0	300.002	66	63	3	1000		0	300.503	66	63	3	1000		0	500	66	63	3	1000		0	500	66	63	3	1000								
sub-008	23	f	Female	right	28-06-2023	TSA	EGI - NA300	No	0	28/06/2023 15:17:30	sub-008	28-06-2023	23	Female	Female		Chinese		CÉGEP/College/Technique	Right	0	0	0	0	0	0	0	1	0	0	0	0	2	0	0	2	0	0	0	0	0	5	4	1	4	3	1	3	4	1	2	4	1	2	4	2	2	3	2	3	4	2	33	4	4	1	1	4	1	1	4	1	4	4	2	1	2	4	4	2	1	3	4	24	0	2	2	2	2	1	1	4	3	3	4	nan	0	nan	June 28, 2023	Thermode		Says she falls asleep during the tasks. Iz and the electrodes near the ears are a bit loose/floating.	50	61.1000000000002	73.7000000000003	44.0399999999992	45.9799999999988	47.4699999999985	0	490	66	63	3	1000		0	490	66	63	3	1000		0	300	66	63	3	1000		0	300	66	63	3	1000		0	300	66	63	3	1000		0	300	66	63	3	1000		0	300.503	66	63	3	1000		0	500	66	63	3	1000		0	500	66	63	3	1000								
sub-009	23	m	Male	right	29-06-2023	TSA	EGI - NA300	No	1	29/06/2023 11:53:53	sub-009	29-06-2023	23	Male	Male		White		CÉGEP/College/Technique	Right	0	0	1	2	1	0	0	1	0	0	0	0	0	3	1	2	1	0	0	0	0	12	3	2	3	2	2	3	4	2	2	3	1	3	4	2	3	3	3	3	3	3	43	4	4	1	1	4	1	1	3	1	4	4	1	1	1	4	4	1	1	4	4	21	1	0	1	1	1	2	0	4	0	1	4	2	2	19	June 29, 2023	Audio		No particular issues.	52	60.6000000000002	72.1000000000003	44.5599999999991	46.8399999999986	47.9899999999984	0	490	66	63	3	1000		0	490	66	63	3	1000		0	300	66	63	3	1000		0	300	66	63	3	1000		0	300	66	63	3	1000		0	300.001	66	63	3	1000		0	300.503	66	63	3	1000		0	500	66	63	3	1000		0	500	66	63	3	1000								
sub-010	35	f	Female	right	05-07-2023	TSA	EGI - NA300	No	0	05/07/2023 17:22:03	sub-010	05-07-2023	35	Female	Female		White		Master (e.g., M.A., M.Sc., M.Ed., M.B.A.)	Right	0	0	0	0	0	0	0	1	0	0	0	0	0	0	0	1	0	0	0	0	0	2	4	1	4	1	1	2	3	1	1	4	1	1	4	3	1	3	1	2	4	1	26	4	4	4	1	4	1	1	3	1	4	4	1	1	1	1	4	1	1	4	4	27	0	0	0	0	1	0	0	1	1	0	0	0	0	3	July 5, 2023	Thermode		Thermalpassive: speaks briefly at the start of the second intensity. General: blinks a lot.	50	58.0000000000001	68.9000000000003	40	44.6899999999991	47.9899999999984	0	490	66	63	3	1000		0	490	66	63	3	1000		0	300	66	63	3	1000		0	300	66	63	3	1000		0	300	66	63	3	1000		0	300.002	66	63	3	1000		0	300.504	66	63	3	1000		0	500	66	63	3	1000		0	500	66	63	3	1000								
sub-011	21	m	Male	right	06-07-2023	TSA	EGI - NA300	No	1	06/07/2023 16:43:18	sub-011	06-07-2023	21	Male	Male		White		CÉGEP/College/Technique	Right	0	0	0	0	0	0	0	0	0	0	0	0	0	0	0	1	0	1	0	0	0	2	4	1	3	1	1	3	4	1	1	4	1	1	4	3	2	4	1	1	4	1	24	4	4	1	1	4	1	2	3	1	4	4	1	1	1	4	4	1	1	4	4	22	0	0	0	0	0	1	1	0	0	0	0	0	1	3	July 6, 2023	Audio		Tends to move hands slightly during the passive tasks. Thermodeactive: crashes/freezes with 2 minutes remaining.	52.3	63.5000000000002	75.0000000000004	40.7199999999999	42.3699999999995	46.0299999999988	0	490	66	63	3	1000		0	490	66	63	3	1000		0	300	66	63	3	1000		0	300	66	63	3	1000		0	300	66	63	3	1000		0	300.003	66	63	3	1000		0.775263572183391	300.501	66	63	3	1000		0	500	66	63	3	1000	Thermalactive task has no rating due to bug. replaced with 999 value placeholder	0	500	66	63	3	1000								
sub-012	30	f	Female	left	13-07-2023	TSA	EGI - NA300	No	0	13/07/2023 13:43:40	sub-012	13-07-2023	30	Female	Female		White		Master (e.g., M.A., M.Sc., M.Ed., M.B.A.)	Left	0	0	0	0	0	0	0	0	0	0	0	0	0	0	0	2	0	0	0	0	0	2	3	2	3	3	1	3	4	1	2	3	1	1	4	4	2	4	1	2	4	1	30	4	4	4	1	4	1	1	3	1	4	4	1	1	1	4	4	2	1	4	4	25	0	3	0	3	4	2	0	4	4	4	4	3	0	31	July 13, 2023	Thermode		Nothing in particular. BIOPAC forgotten.	50	61.0000000000002	74.6000000000004	41.7299999999997	45.129999999999	47.6799999999985	0	490	66	63	3	1000		0	490	66	63	3	1000		0	300	66	63	3	1000		0	300	66	63	3	1000		0	300	66	63	3	1000		0	300	66	63	3	1000		0	300.501	66	63	3	1000		0	500	66	63	3	1000		0	500	66	63	3	1000								
sub-013	41	f	Female	right	19-07-2023	TSA	EGI - NA300	No	0	19/07/2023 16:16:40	sub-013	19-07-2023	41	Female	Female		White		Professional doctorate degree (M.D., D.D.S., D.M.D., D.M.V., O.D., D.Psy.)	Right	0	0	0	0	0	0	0	1	0	0	0	0	0	0	0	0	0	0	0	0	0	1	3	2	3	2	1	1	2	1	2	3	1	1	4	4	1	3	1	1	4	1	32	3	4	1	2	3	1	1	2	1	4	3	1	1	1	3	3	3	1	4	3	31	0	1	0	0	1	0	0	0	0	0	0	0	0	2	July 19, 2023	Audio		Particularly sensitive to sound (sleeps with earplugs even when alone). High heat tolerance (2 intensities above 47, so one set to 46.9). Expected the thermode pain to be worse because of the sound intensity. Resting: TP9 (very loose/floating). Thermode calibration: rated nothing at 50. TP9: very loose (not touching at all) even when trying to stick it to the skin; reapplying gel doesn't change anything. Works for a few minutes then comes loose again.	54.3000000000001	60.8000000000002	69.1000000000003	45.6599999999989	46.9	47.9899999999984	0	490	66	63	3	1000		0	490	66	63	3	1000		0	300	66	63	3	1000		0	300	66	63	3	1000		0	300	66	63	3	1000		0	300.002	66	63	3	1000		0	300.501	66	63	3	1000		0	500	66	63	3	1000		0	500	66	63	3	1000								
sub-014	24	f	Female	right	20-07-2023	TSA	EGI - NA300	No	0	20/07/2023 13:00:40	sub-014	20-07-2023	24	Female	Female		White		CÉGEP/College/Technique	Right	0	0	0	0	0	0	0	1	0	0	0	0	0	1	0	0	0	0	0	0	0	2	4	1	3	2	1	3	3	1	2	4	1	2	4	4	2	4	2	1	4	1	28	3	4	2	1	3	1	1	4	1	4	4	1	1	1	3	4	1	1	4	4	24	2	1	2	1	1	2	0	1	2	2	2	2	1	19	July 20, 2023	Thermode		Nothing in particular. Both audio tasks were recorded in the same EEG file.	65.3000000000002	77.2000000000004	87.8000000000005	44.3099999999991	46.4099999999987	47.8999999999984	0	490	66	63	3	1000	Recording was not restarted between tasks, split manually during import	0	490	66	63	3	1000	Recording was not restarted between tasks, split manually during import	0	300	66	63	3	1000		0	300	66	63	3	1000		0	300	66	63	3	1000		0	300.002	66	63	3	1000		0	300.502	66	63	3	1000		0	500	66	63	3	1000		0	500	66	63	3	1000								
sub-015	20	m	Male	right	26-07-2023	TSA	EGI - NA300	No	1	26/07/2023 15:46:29	sub-015	26-07-2023	20	Male	Male		White		CÉGEP/College/Technique	Right	0	0	0	0	1	0	0	0	0	0	0	0	0	0	0	1	1	0	0	0	0	3	3	2	3	2	1	2	4	2	2	3	1	3	4	2	2	3	2	2	2	2	40	4	4	1	1	4	1	1	3	1	4	3	1	1	2	1	3	2	1	3	3	30	1	0	1	1	1	2	1	2	1	1	1	1	1	14	July 26, 2023	Audio		Nothing in particular. Speaks English.	64.5000000000002	75.4000000000004	84.3000000000005	42.9899999999994	46.8599999999986	47.9899999999984	0	490	66	63	3	1000		0	490	66	63	3	1000		0	300	66	63	3	1000		0	300	66	63	3	1000		0	300	66	63	3	1000		0	300.002	66	63	3	1000		0	300.501	66	63	3	1000		0	500	66	63	3	1000		0	500	66	63	3	1000								
sub-016	29	m	Male	right	27-07-2023	TSA	EGI - NA300	No	1	27/07/2023 16:16:34	sub-016	27-07-2023	29	Male	Male		Latin American		Master (e.g., M.A., M.Sc., M.Ed., M.B.A.)	Right	1	1	0	0	1	1	0	1	0	0	1	0	2	0	1	0	1	0	0	1	0	11	4	2	4	3	2	2	3	3	1	4	3	2	4	3	2	3	2	2	3	4	41	4	4	1	3	4	1	2	3	1	4	3	2	1	1	3	4	2	2	2	4	31	1	1	0	2	0	1	0	1	0	0	1	0	2	9	July 27, 2023	Thermode		Nothing in particular. Speaks English.	50.1	59.5000000000001	71.3000000000003	40	43.0199999999994	45.6599999999989	0	490	66	63	3	1000		0	490	66	63	3	1000		0	300	66	63	3	1000		0	300	66	63	3	1000		0	300	66	63	3	1000		0	300.002	66	63	3	1000		0	300.503	66	63	3	1000		0	500	66	63	3	1000		0	500	66	63	3	1000								
sub-017	51	f	Female	right	28-07-2023	TSA	EGI - NA300	No	0	28/07/2023 15:34:55	sub-017	28-07-2023	51	Female	Female		White		CÉGEP/College/Technique	Right	1	1	0	0	0	0	0	0	0	1	0	0	0	0	0	2	0	0	0	0	0	5	3	1	4	2	1	3	2	1	3	3	2	1	4	3	1	3	1	4	3	3	37	2	4	2	1	3	4	2	3	1	4	4	2	1	1	3	4	2	1	3	3	34	0	1	0	0	1	0	0	0	1	0	0	0	0	3	July 28, 2023	Audio		Very tired (busy week in the afternoons). Particularly thick hair; impedances harder and longer to get down, signal less clean. Audiopassive: intense for about 5 electrodes, then improves again toward the end. Thermalpassive: talks a little at the 5th-6th temperature (high). Thermalactive: talks a little at the start. Slight tendency to move a bit.	56.2000000000001	63.9000000000002	73.5000000000003	41.8199999999996	44.6899999999991	46.7599999999987	0	490	66	63	3	1000		0	490	66	63	3	1000		0	300	66	63	3	1000		0	300	66	63	3	1000		0	300	66	63	3	1000		0	300.002	66	63	3	1000		0	300.502	66	63	3	1000		0	500	66	63	3	1000		0	500	66	63	3	1000								
sub-019	39	m	Male	right	03-08-2023	TSA	EGI - NA300	No	1	03/08/2023 13:51:03	sub-019	03-08-2023	39	Male	Male		White		CÉGEP/College/Technique	Right	0	1	1	0	0	0	0	0	0	0	0	1	0	1	0	1	1	0	0	0	0	6	4	1	4	1	1	3	4	1	2	4	1	1	4	3	1	4	1	4	3	3	29	3	4	2	1	4	1	2	3	1	4	4	1	1	2	3	4	2	1	3	4	28	0	0	0	2	2	0	0	2	0	2	4	0	1	13	August 3, 2023	Audio		"Electrodes 9 and 26 (green, slightly above and in front of the ears) extremely noisy despite impedances being ok. Tried to fix the problem but it made absolutely no difference. Still seems to get a bit less bad over time during resting (electrode 9 green becomes ok again). Between tasks the electrodes come back very noisy, then ""settle down"" over time. BIOPAC only from disgustactive onward. Thermal: the last temperature was supposed to be 47.9, but during calibration, if 48 had lasted a bit longer they would have pulled their arm away. Adjusted to 47.5 instead. Disgust: doesn't find it disgusting or bitter at all."	50.1	59.5000000000001	71.3000000000003	44.9	46.6	47.5	0	490	66	63	3	1000		0	490	66	63	3	1000		0	300	66	63	3	1000		0	300	66	63	3	1000		0	300	66	63	3	1000		0	300.002	66	63	3	1000		0	300.502	66	63	3	1000		0	500	66	63	3	1000		0	500	66	63	3	1000								
sub-021	23	m	Male	right	10-08-2023	TSA	EGI - NA300	No	1	10/08/2023 16:39:48	sub-021	10-08-2023	23	Male	Male		White		CÉGEP/College/Technique	Right	2	2	2	2	1	1	2	2	0	0	0	0	0	3	0	2	1	0	0	0	1	21	2	1	1	3	3	1	2	1	3	1	1	4	4	4	3	2	3	3	4	2	51	4	3	1	1	3	1	1	1	1	4	2	1	1	2	2	2	4	3	4	2	39	4	0	4	0	0	4	0	4	1	1	0	0	4	22	August 10, 2023	Audio		Audioactive: coughs a few times between 2:30 and 3:00. Generally tends to clear their throat. Occasionally moves their head to relieve their neck (very briefly).	54.9000000000001	62.6000000000002	72.1000000000003	41.2199999999998	44.4599999999991	46.7399999999987	0	490	66	63	3	1000		0	490	66	63	3	1000		0	300	66	63	3	1000		0	300	66	63	3	1000		0	300	66	63	3	1000		0	300.002	66	63	3	1000		0	300.502	66	63	3	1000		0	500	66	63	3	1000		0	500	66	63	3	1000								
sub-022	21	f	Female	left	26-09-2023	TCS	EGI - NA300	No	0	26/09/2023 16:06:57	sub-022	26-09-2023	21	Female	Female		Southeast Asian		CÉGEP/College/Technique	Left	1	0	0	1	0	0	0	0	0	0	1	0	1	0	1	0	1	0	0	0	2	8	3	2	3	3	2	2	3	2	3	3	1	2	4	2	2	3	2	1	2	2	42	3	4	2	3	3	2	2	3	1	3	3	2	1	2	3	3	2	1	1	4	38	1	2	0	2	3	4	1	4	3	3	2	0	0	25	September 26, 2023	Thermode		TP9 very difficult to get green, noisier. Thermode: the first two temperatures were very close together (near 40), so changed to 40, 42, and 44. TP9 noisy/erratic during disgustpassive. Also noisy during disgustactive but doesn't move. TP9 very noisy during chemical.	50	50.1	69.8000000000003	40	42	44	0	490	66	63	3	1000		0	490	66	63	3	1000		0	300	66	63	3	1000		0	300	66	63	3	1000		0	300	66	63	3	1000		0	300.002	66	63	3	1000		0	299.551	66	63	3	1000		0	500	66	63	3	1000		0	500	66	63	3	1000								
sub-023	21	f	Female	right	02-10-2023	TCS	EGI - NA300	No	0	02/10/2023 15:07:03	sub-023	02-10-2023	21	Female	Female		Chinese		CÉGEP/College/Technique	Right	0	1	1	2	1	1	1	1	0	0	0	1	1	0	1	2	2	0	0	0	0	15	3	3	2	3	2	1	2	2	3	2	1	3	4	1	2	3	3	4	1	4	56	2	2	3	4	2	2	4	1	2	2	1	3	2	3	1	2	4	2	1	2	63	3	3	3	3	3	2	2	4	4	4	4	4	3	42	October 2, 2023	Audio		Nothing in particular.	65.7000000000002	77.2000000000004	86.5000000000005	42.4699999999995	45.7499999999989	47.9899999999984	0.0403530112653101	490	66	63	3	1000		0.646185918052709	490	66	63	3	1000		0	300	66	63	3	1000		0	300	66	63	3	1000		0	300	66	63	3	1000		0	300.001	66	63	3	1000		2.39379324216797	300.503	66	63	3	1000		0.0346126291874355	500	66	63	3	1000		0.0202602769397657	500	66	63	3	1000								
sub-024	21	m	Male	right	10-10-2023	TCS	EGI - NA300	No	1	10/10/2023 16:05:05	sub-024	10-10-2023	21	Male	Male		White		High school or professional	Right	0	0	0	0	1	0	0	0	0	0	0	0	0	0	0	0	0	0	0	0	0	1	4	2	3	1	1	2	2	1	1	3	1	1	4	4	1	2	2	1	4	2	31	4	4	1	1	4	1	1	4	1	4	4	1	1	1	4	2	1	1	4	4	22	0	0	0	0	1	2	1	0	1	1	1	0	0	7	October 10, 2023	Thermode		At the start of chemicalpassive, clenches teeth for a while (or does something that looks like teeth clenching on the EEG).	65.9000000000002	75.0000000000004	82.5000000000005	43.5199999999993	45.7399999999989	47.4999999999985	0	490	66	63	3	1000		0	490	66	63	3	1000		0	300	66	63	3	1000		0	300	66	63	3	1000		0	300	66	63	3	1000		0	300.001	66	63	3	1000		0	300.502	66	63	3	1000		0	500	66	63	3	1000		0	500	66	63	3	1000								
sub-025	24	f	Female	right	30-10-2023	TCS	EGI - NA300	No	0	30/10/2023 14:28:15	sub-025	30-10-2023	24	Female	Female		Arab		Master (e.g., M.A., M.Sc., M.Ed., M.B.A.)	Right	0	0	0	0	1	0	0	1	0	0	0	0	0	0	1	0	1	2	2	0	0	8	3	2	3	1	1	3	2	2	2	3	1	2	4	1	2	4	2	2	3	2	38	3	4	2	2	3	1	1	4	1	4	4	2	2	1	3	4	2	1	4	4	28	0	2	0	2	2	2	0	2	1	0	0	0	0	11	October 30, 2023	Audio		Electrodes at the back of the head very difficult to get green. Two were fluctuating between 9 and 11-12. Dozed off during the first resting, so it was redone. Reports a tendency to clench their teeth. During thermalpassive, trigger 16 on the thermode prompted removal of the thermode. Thermalactive: reports feeling nothing on the last three stimulations. A lot of negative anticipation about the bitter squash powder. Disgustactive not done: the texture of the paste made the person feel like vomiting and they didn't really feel the bitterness (the disgust). Didn't want to redo it.	54.8000000000001	63.5000000000002	73.8000000000003	42.2999999999995	45	47	0	490	66	63	3	1000		0	490	66	63	3	1000		0	300	66	63	3	1000		0	300	66	63	3	1000									0	300.001	66	63	3	1000		0	300.502	66	63	3	1000		0	500	66	63	3	1000		0	500	66	63	3	1000								
sub-026	18	m	Male	right	31-10-2023	TCS	EGI - NA300	No	1	31/10/2023 15:11:01	sub-026	31-10-2023	18	Male	Male		White		High school or professional	Right	2	0	0	2	1	2	1	0	1	1	0	1	2	0	2	2	1	2	0	0	0	20	2	3	1	3	2	3	4	3	2	2	3	3	4	2	3	2	1	4	2	4	54	2	4	1	1	4	1	4	2	1	3	1	1	1	2	3	1	2	1	3	3	39	0	1	1	2	1	2	0	3	2	3	3	1	1	20	October 31, 2023	Thermode		"Thermal: intensities 2 and 3 were the same (47.9), so intensity 2 was changed to 46.9. Thermalactive: hit the ""enter"" button on the response box on the second-to-last stimulation, which locked the cursor. Was asked to keep using the buttons as if the cursor were still working, to preserve the motor component of the rating. Since less than a minute remained, the task was not redone."	67.7000000000002	82.8000000000005	90.9000000000006	45.7399999999989	46.9	47.9899999999984	0	490	66	63	3	1000		0	490	66	63	3	1000		0	300	66	63	3	1000		0	300	66	63	3	1000		0	300	66	63	3	1000		0	300.001	66	63	3	1000		0	300.501	66	63	3	1000		0	500	66	63	3	1000		0	500	66	63	3	1000								
sub-027	21	f	Female	right	07-11-2023	TCS	EGI - NA300	No	0	07/11/2023 15:05:09	sub-027	07-11-2023	21	Female	Female		White		Bachelor’s degree (e.g., B.A., B.Sc., B.Ed., LL.B.)	Right	0	0	0	0	0	0	0	0	0	0	0	0	0	0	0	0	0	0	0	0	0	0	4	2	3	1	1	3	3	1	1	4	1	2	4	3	1	3	1	2	3	1	29	3	4	1	1	4	1	1	4	1	4	4	1	1	1	4	4	1	1	4	4	21	2	2	1	2	1	2	2	3	3	1	3	2	1	25	November 7, 2023	Audio		Electrode TP8 damaged. Replaced with Iz. So only 63 electrodes. Blinks very little.	65.0000000000002	78.7000000000004	87.1000000000005	44.1399999999992	46.3599999999987	47.5	1.38387148740189	490	66	63	3	1000		1.36042806261847	490	66	63	3	1000		1.38305888186721	300	66	63	3	1000		1.38553506408947	300	66	63	3	1000		1.38755622137344	300	66	63	3	1000		1.47629211538572	300.002	66	63	3	1000		1.3849952848898	300.502	66	63	3	1000		1.39933370926909	500	66	63	3	1000		1.39200356519922	500	66	63	3	1000								
sub-028	53	f	Female	right	13-11-2023	TCS	EGI - NA300	No	0	13/11/2023 15:38:01	sub-028	13-11-2023	53	Female	Female		White		CÉGEP/College/Technique	Right	0	0	0	0	0	0	0	1	0	0	0	1	0	0	0	1	1	1	0	0	1	6	4	1	4	2	1	3	3	1	1	4	1	1	4	3	1	3	1	1	3	1	26	4	4	3	1	4	1	2	4	1	4	4	1	1	1	4	4	2	1	3	4	25	0	0	0	0	0	1	0	1	0	0	0	0	0	2	November 13, 2023	Thermode		"Diabetes. Resting: may possibly be frowning/furrowing brow -- the more anterior electrodes showed ""waves"". Thermalpassive: sneezes twice toward the end (second-to-last or last stimulation). Thermalactive: doesn't seem to have discriminated between intensity 1 and 2, or only very slightly. The first instance of intensity 3 was rated as non-painful. Chemicalpassive: coughing."	69.0000000000003	77.6000000000004	84.0000000000005	44.879999999999	46.5199999999987	47.7799999999985	0	490	66	63	3	1000		0.773620060315395	490	66	63	3	1000		0	300	66	63	3	1000		0.104904412223377	300	66	63	3	1000		0	300	66	63	3	1000		0	300.001	66	63	3	1000		0.773639372588463	300.502	66	63	3	1000		0.775065116536439	500	66	63	3	1000		0.77421432458722	500	66	63	3	1000								
sub-030	29	m	Male	right	28-02-2024	TCS	EGI - NA300	No	1	28/02/2024 15:12:04	sub-030	28-02-2024	29	Male	Male		Black		Professional doctorate degree (M.D., D.D.S., D.M.D., D.M.V., O.D., D.Psy.)	Right	0	0	0	0	0	0	0	1	0	0	0	0	0	0	1	0	1	1	0	0	0	4	3	2	3	2	1	2	3	2	1	3	1	2	3	3	2	3	1	1	3	3	37	4	4	1	2	3	1	2	2	1	4	2	1	1	1	3	3	2	2	2	4	33	1	1	0	1	1	1	0	3	2	2	2	0	2	16	February 28, 2024	Thermode		Afro-textured hair. Some electrodes (fewer than 5) were at an impedance of 11 instead of 10.	50	54.3000000000001	69.5000000000003	40.02	43.0899999999994	47.9899999999984	0	490	66	63	3	1000		0	490	66	63	3	1000		0	300	66	63	3	1000		0	300	66	63	3	1000		0	300	66	63	3	1000		0	300.002	66	63	3	1000		0	300.502	66	63	3	1000		0	500	66	63	3	1000		0	500	66	63	3	1000								
sub-031	21	m	Male	left	01-03-2024	TCS	EGI - NA300	No	1	01/03/2024 16:03:33	sub-031	01-03-2024	21	Male	Male		White		CÉGEP/College/Technique	Left	1	0	2	1	0	0	0	1	0	0	0	0	1	0	1	2	1	1	0	0	0	11	3	2	2	2	2	1	3	1	3	3	2	2	4	3	2	2	4	2	4	2	44	4	4	1	1	4	1	2	2	1	4	3	1	1	1	4	3	1	1	3	4	26	0	0	0	0	0	0	0	0	0	0	0	0	0	0	March 1, 2024	Audio		T7 and TP9 tend to be slightly noisier at certain moments.	53.9000000000001	61.7000000000002	71.4000000000003	44.4799999999991	46.6399999999987	47.9899999999984	0	490	66	63	3	1000		0	490	66	63	3	1000		0	300	66	63	3	1000		0	300	66	63	3	1000		0	300	66	63	3	1000		0	300	66	63	3	1000		0	300.501	66	63	3	1000		0	500	66	63	3	1000		0	500	66	63	3	1000								
sub-032	39	f	Female	right	04-03-2024	TCS	EGI - NA300	No	0	04/03/2024 11:37:27	sub-032	04-03-2024	39	Female	Female		Western Asian		Master (e.g., M.A., M.Sc., M.Ed., M.B.A.)	Right	0	0	0	0	0	0	0	1	0	0	0	1	0	1	0	0	0	0	0	0	0	3	4	2	4	2	1	4	3	2	2	4	1	1	4	2	2	3	2	2	3	2	33	4	4	1	1	4	1	1	4	3	4	4	1	1	1	4	4	3	1	4	4	24	0	1	0	0	1	2	0	1	1	2	2	2	0	12	March 4, 2024	Thermode		During the calibrations, rates in an all-or-nothing way. E.g. thermode: almost always no pain or very mild pain except at 48, which was extremely painful/intolerable. Same pattern for audio. Blinks a lot during disgustpassive.	78.3000000000004	85.0000000000005	88.2000000000005	44.3999999999991	45.8899999999988	47.0299999999986	0	490	66	63	3	1000		0	490	66	63	3	1000		0	300	66	63	3	1000		0	300	66	63	3	1000		0	300	66	63	3	1000		0	300.002	66	63	3	1000		0	300.501	66	63	3	1000		0	500	66	63	3	1000		0	500	66	63	3	1000								
sub-033	20	f	Female	right	04-03-2024	TCS	EGI - NA300	No	0	04/03/2024 15:25:38	sub-033	04-03-2024	20	Female	Female		White		CÉGEP/College/Technique	Right	0	0	0	0	1	0	0	1	1	0	0	0	0	0	1	1	1	1	1	0	0	8	3	2	2	3	2	2	2	1	3	4	2	3	3	3	2	2	2	1	3	2	44	4	4	2	1	4	1	1	4	1	4	4	2	1	1	3	4	1	1	4	4	23	0	1	1	0	1	3	0	2	2	2	1	0	1	14	March 4, 2024	Audio		For the thermode, the highest rating was about 40. Temperatures administered during the tasks: 46, 47, 47.9. Describes some of the temperatures as pleasant (especially those below 46). Fairly drowsy during the tasks. Chemicalpassive: very noisy at first, then stabilizes.	71.5000000000003	81.0000000000004	88.3000000000006	46	47	47.9899999999984	0	490	66	63	3	1000		0	490	66	63	3	1000		0	300	66	63	3	1000		0	300	66	63	3	1000		0	300	66	63	3	1000		0	300.006	66	63	3	1000		0	300.502	66	63	3	1000		0	500	66	63	3	1000		0	500	66	63	3	1000								
sub-034	23	m	Male	right	05-03-2024	TCS	EGI - NA300	No	1	05/03/2024 11:35:09	sub-034	05-03-2024	23	Male	Male		White		Bachelor’s degree (e.g., B.A., B.Sc., B.Ed., LL.B.)	Right	0	1	0	2	0	0	0	2	0	0	0	1	0	0	1	2	1	0	0	0	0	10	4	3	4	2	1	3	3	1	2	4	2	3	4	2	2	3	2	2	4	1	35	4	4	1	1	4	1	1	3	1	4	4	1	1	1	4	4	1	1	4	4	21	0	1	1	2	2	1	0	0	3	3	3	1	0	17	March 5, 2024	Thermode		No particular issues.	58.4000000000001	68.8000000000003	79.6000000000004	42.0199999999996	44.7699999999991	46.9499999999986	0	490	66	63	3	1000		0	490	66	63	3	1000		0	300	66	63	3	1000		0	300	66	63	3	1000		0	300	66	63	3	1000		0	300	66	63	3	1000		0	300.502	66	63	3	1000		0	500	66	63	3	1000		0	500	66	63	3	1000								
sub-035	22	f	Female	right	05-03-2024	TCS	EGI - NA300	No	0	05/03/2024 15:36:39	sub-035	05-03-2024	22	Female	Female		Other	Européen 	Master (e.g., M.A., M.Sc., M.Ed., M.B.A.)	Right	0	0	0	0	0	1	0	0	0	1	1	0	0	0	1	0	0	0	0	0	0	4	4	1	4	2	1	3	3	1	2	4	1	2	4	2	2	3	1	1	4	1	29	4	4	1	1	4	2	2	4	1	4	3	1	1	1	4	4	2	1	3	4	25	0	0	0	0	0	1	0	1	0	0	0	0	1	3	March 5, 2024	Audio		Electrode Iz removed (bug where touching it turned almost all the other electrodes red). Maxed out the thermode (highest rating only barely above 100, and only once). Temperatures of 44, 46, and 47.9 used in the tasks. T8 tends to be noisier.	50	63.8000000000002	77.0000000000004	44	46	47.9899999999984	0	490	66	63	3	1000		0	490	66	63	3	1000		0	300	66	63	3	1000		0	300	66	63	3	1000		0	300	66	63	3	1000		0	299.999	66	63	3	1000		0	300.502	66	63	3	1000		0	500	66	63	3	1000		0	500	66	63	3	1000								
sub-037	27	f	Female	right	13-03-2024	TCS	EGI - NA300	No	0	13/03/2024 12:10:54	sub-037	13-03-2024	27	Female	Female		White		Master (e.g., M.A., M.Sc., M.Ed., M.B.A.)	Right	0	1	1	1	1	2	1	1	0	0	1	0	2	0	1	1	1	0	0	1	0	15	3	2	2	3	2	2	3	2	3	3	2	3	4	2	1	3	2	3	4	3	45	3	4	2	2	3	1	2	3	1	4	4	2	1	1	2	3	2	1	4	4	31	3	1	2	1	2	3	1	3	1	1	2	1	2	23	March 13, 2024	Audio		Frontal electrodes (especially left side) Fp1, Fp2, AF7, and AF3 noisier than the others despite impedance below 10 and checks between each task; some variation in noise during recordings. Occasionally large-amplitude signals on Fp1 and Fp2 during the tasks. Tends to move during the tasks. End of thermalpassive and start of thermalactive: scratches due to itchiness. Blinks relatively often.	65.3000000000002	76.3000000000004	84.7000000000005	44.7699999999991	46.7299999999987	47.5	0.776396212732053	490	66	63	3	1000		0.857439131238564	490	66	63	3	1000		0	300	66	63	3	1000		0	300	66	63	3	1000		0	300	66	63	3	1000		0	300.002	66	63	3	1000		2.16964740634818	300.505	66	63	3	1000		0.478316503684454	500	66	63	3	1000		0.775928606872938	500	66	63	3	1000								
sub-038	23	f	Female	right	20-03-2024	TCS	EGI - NA300	No	0	20/03/2024 16:02:41	sub-038	20-03-2024	23	Female	Female		White		Bachelor’s degree (e.g., B.A., B.Sc., B.Ed., LL.B.)	Right	1	0	0	2	0	0	0	1	0	0	0	0	0	0	1	1	2	2	1	1	1	13	2	2	2	1	1	1	2	3	2	2	1	4	4	2	3	2	2	1	3	2	47	3	4	3	1	3	1	3	4	1	4	3	3	1	1	3	4	3	1	3	3	34	3	0	1	0	0	1	2	1	0	0	0	1	2	11	March 20, 2024	Thermode		No particular issues.	65.0000000000002	75.3000000000004	84.5000000000005	45.199999999999	47.0899999999986	47.9899999999984	0	490	66	63	3	1000		0	490	66	63	3	1000		0	300	66	63	3	1000		0	300	66	63	3	1000		0	300	66	63	3	1000		0	300.001	66	63	3	1000		0	300.501	66	63	3	1000		0	500	66	63	3	1000		0	500	66	63	3	1000								
sub-039	25	f	Female	right	03-04-2024	TCS	EGI - NA300	No	0	03/04/2024 12:25:18	sub-039	03-04-2024	25	Female	Female		South Asian		Master (e.g., M.A., M.Sc., M.Ed., M.B.A.)	Right	0	0	0	0	0	0	1	1	0	0	0	0	1	0	1	0	1	0	0	0	0	5	3	3	3	2	2	3	3	2	2	3	2	2	4	2	2	2	2	2	3	3	43	4	4	1	1	4	1	2	3	1	4	3	3	1	1	4	3	1	2	3	4	28	1	2	1	0	2	3	1	4	2	2	4	2	2	26	April 3, 2024	Audio		No particular issues.	52.9	59.4000000000001	67.8000000000003	40.8999999999998	42.5399999999995	44.5999999999991	0	490	66	63	3	1000		0	490	66	63	3	1000		0	300	66	63	3	1000		0	300	66	63	3	1000		0	300	66	63	3	1000		0	300.001	66	63	3	1000		0	300.503	66	63	3	1000		0	500	66	63	3	1000		0	500	66	63	3	1000								
sub-040	25	f	Female	right	12-04-2024	TCS	EGI - NA300	No	0	12/04/2024 16:07:02	sub-040	12-04-2024	25	Female	Female		White		Master (e.g., M.A., M.Sc., M.Ed., M.B.A.)	Right	0	0	0	0	0	0	0	0	0	0	0	0	0	0	0	0	0	0	0	0	0	0	4	2	3	3	2	3	2	2	4	4	2	4	3	3	3	3	3	3	2	3	49	4	4	3	1	3	1	1	3	1	4	4	2	1	1	3	4	1	1	4	4	26	1	2	0	1	2	3	1	4	3	3	4	1	4	29	April 12, 2024	Thermode		Tends to blink more during the audio tasks. Thermalactive task redone because the wrong PsychoPy file was opened.	59.9000000000001	69.3000000000003	78.3000000000004	42.4299999999995	45.5199999999989	47.9899999999984	0	490	66	63	3	1000		0	490	66	63	3	1000		0	300	66	63	3	1000		0	300	66	63	3	1000		0	300	66	63	3	1000		0	300.002	66	63	3	1000		0	300.502	66	63	3	1000		0	500	66	63	3	1000		0	500	66	63	3	1000								
sub-041	27	f	Female	right	02-05-2024	TCS	EGI - NA300	No	0	02/05/2024 12:44:59	sub-041	02-05-2024	27	Female	Female		White		CÉGEP/College/Technique	Right	0	0	0	0	0	0	0	0	0	0	0	0	0	0	0	1	0	0	0	0	0	1	4	2	4	1	1	3	3	2	2	4	1	2	4	3	2	4	2	1	3	1	30	3	4	1	1	3	1	1	4	1	3	4	2	1	1	3	4	1	1	4	4	25	2	1	2	1	2	3	0	1	4	3	2	1	0	22	May 2, 2024	Audio		For the thermode task temperatures, the software proposed 47.9 for the last intensity, but the person's ratings averaged around 190 for a brief period. The temperature was therefore lowered slightly to 47.2. Doesn't like the taste of Tabasco.	57.3000000000001	66.3000000000002	76.5000000000004	43.5199999999993	46.3599999999987	47.2	0	490	66	63	3	1000		0	490	66	63	3	1000		0	300	66	63	3	1000		0	300	66	63	3	1000		0	300	66	63	3	1000		0	300.001	66	63	3	1000		0	300.501	66	63	3	1000		0	500	66	63	3	1000		0	500	66	63	3	1000								
sub-042	23	f	Female	right	02-05-2024	TCS	EGI - NA300	No	0	02/05/2024 16:21:26	sub-042	02-05-2024	23	Female	Female		White		Bachelor’s degree (e.g., B.A., B.Sc., B.Ed., LL.B.)	Right	0	0	0	0	0	0	0	1	0	0	0	0	0	0	0	0	0	0	0	0	2	3	4	1	4	1	1	3	3	1	2	4	1	1	4	4	1	4	1	2	3	1	25	4	4	1	1	3	1	1	4	1	3	4	1	1	1	3	4	1	1	4	4	23	3	3	1	3	3	1	0	3	3	2	3	1	1	27	May 2, 2024	Thermode		Drowsy during the tasks. During thermalactive, can rate the worst temperature at around 175, then at 0.	50	62.3000000000002	76.6000000000004	41.7799999999996	43.6799999999993	45.8799999999988	0	490	66	63	3	1000		0	490	66	63	3	1000		0	300	66	63	3	1000		0	300	66	63	3	1000		0	300	66	63	3	1000		0	300	66	63	3	1000		0	300.502	66	63	3	1000		0	500	66	63	3	1000		0	500	66	63	3	1000								
sub-043	38	m	Male	left	07-05-2024	TCS	EGI - NA300	No	1	07/05/2024 11:42:49	sub-043	07-05-2024	38	Male	Male		Other	Canadian and Chinese	CÉGEP/College/Technique	Left	0	0	0	0	0	0	0	0	0	0	0	0	0	0	1	0	1	0	0	0	0	2	3	2	3	1	1	3	3	1	1	4	1	2	4	3	1	3	1	1	4	1	28	4	4	1	1	4	1	1	4	1	4	4	1	1	1	4	4	2	1	4	4	21	1	2	0	1	0	2	0	2	1	1	1	0	2	13	May 7, 2024	Audio		Temperatures: 47.4 and 47.9; the first one lowered to 46.9. Fp1 and AF7 relatively noisy during the tasks.	54.6000000000001	65.7000000000002	78.6000000000004	43.6199999999993	46.9	47.9899999999984	0	490	66	63	3	1000		0.698084095260825	490	66	63	3	1000		0	300	66	63	3	1000		0	300	66	63	3	1000		0	300	66	63	3	1000		0	300.002	66	63	3	1000		0.772144524453154	300.502	66	63	3	1000		0	500	66	63	3	1000		0	500	66	63	3	1000								
sub-044	30	f	Male	right	08-05-2024	TCS	EGI - NA300	No	0	08/05/2024 16:11:44	sub-044	08-05-2024	30	Female	Male		White		CÉGEP/College/Technique	Right	1	0	0	0	1	0	0	1	0	0	1	0	1	0	0	1	2	0	0	1	0	9	3	2	3	2	1	2	1	2	3	3	2	4	2	1	2	3	2	2	1	2	50	3	3	2	2	3	1	1	3	1	3	3	1	1	1	3	3	2	1	2	3	34	0	0	0	0	1	1	0	1	2	2	1	0	1	9	May 8, 2024	Thermode		Tired before the experiment started. Audioactive and disgustpassive: electrode 7 (green, FC1) very noisy (possibly due to the headphones sitting on the electrode). Disgustactive restarted due to a bug in the rating device. Chemicalpassive: coughing at a few points.	53.1	62.3000000000002	73.3000000000003	41.7999999999996	43.9299999999992	46.1399999999988	0	490	66	63	3	1000		0	490	66	63	3	1000		0	300	66	63	3	1000		0	300	66	63	3	1000		0	300	66	63	3	1000		0	300	66	63	3	1000		0	300.5	66	63	3	1000		0	500	66	63	3	1000		0	500	66	63	3	1000								
sub-045	23	m	Male	right	14-05-2024	TCS	EGI - NA300	No	1	14/05/2024 12:18:42	sub-045	14-05-2024	23	Male	Male		Latin American		CÉGEP/College/Technique	Right	0	1	2	2	1	3	3	2	0	0	1	1	1	1	0	2	2	1	0	0	0	23	2	3	1	4	2	1	3	2	2	1	2	2	1	2	2	3	3	2	4	3	54	3	3	4	1	4	1	1	1	2	3	3	2	1	1	3	2	1	1	3	4	36	1	2	3	2	2	4	1	1	2	1	1	2	1	23	May 14, 2024	Audio		"Chemicalactive: more ""wave"" movement artifacts in the signal, particularly on the central electrodes (near the reference, slightly further back)."	54.1000000000001	63.2000000000002	74.4000000000004	42.0699999999996	45.8999999999988	47.9899999999984	0	490	66	63	3	1000		0	490	66	63	3	1000		0	300	66	63	3	1000		0	300	66	63	3	1000		0	300	66	63	3	1000		0	300.001	66	63	3	1000		0	300.502	66	63	3	1000		0	500	66	63	3	1000		0	500	66	63	3	1000								
sub-046	24	m	Male	right	15-05-2024	TCS	EGI - NA300	No	1	15/05/2024 15:59:32	sub-046	15-05-2024	24	Male	Male		White		Bachelor’s degree (e.g., B.A., B.Sc., B.Ed., LL.B.)	Right	0	0	0	0	0	0	0	0	0	0	0	0	0	0	1	0	1	2	0	0	0	4	3	2	3	2	1	3	3	2	2	3	1	2	4	3	1	3	2	1	3	1	34	4	4	1	1	4	1	1	3	1	4	4	1	1	1	4	3	1	1	4	4	22	3	2	2	1	2	2	0	2	1	1	2	1	0	19	May 15, 2024	Thermode		Thermal: third temperature at 47.9 per the program, but was sometimes at the limit of tolerability during calibration. Adjusted slightly downward to 47.4. Audio: low tolerance (all intensities were unpleasant).	51.6	57.4000000000001	64.9000000000002	43.6899999999993	46.6399999999987	47.4	0	490	66	63	3	1000		0.167035616351029	490	66	63	3	1000		0	300	66	63	3	1000		0	300	66	63	3	1000		0	300	66	63	3	1000		0	300.006	66	63	3	1000		1.58494091908221	297.87	66	63	3	1000	Known issue with missing 2 seconds in resting state	0.385011928388849	500	66	63	3	1000		2.09009423250994	500	66	63	3	1000								
sub-047	24	f	Female	right	16-05-2024	TCS	EGI - NA300	No	0	16/05/2024 11:27:11	sub-047	16-05-2024	24	Female	Female		Black		Bachelor’s degree (e.g., B.A., B.Sc., B.Ed., LL.B.)	Right	0	1	0	0	0	0	1	1	0	1	0	0	0	2	0	1	0	0	0	3	0	10	3	2	2	2	2	3	2	1	3	3	1	3	3	1	2	2	3	3	3	3	48	4	4	2	1	4	1	1	4	1	4	4	2	1	1	4	4	1	1	4	4	22	0	1	0	1	1	1	0	2	3	2	2	1	1	15	May 16, 2024	Audio		No particular issues.	50.9	60.3000000000001	71.5000000000003	44.1699999999992	45.7499999999989	46.9699999999986	0	490	66	63	3	1000		0	490	66	63	3	1000		0	300	66	63	3	1000		0	290.493	66	63	3	1000	Recording stopped early, cropped to 291s	0	300	66	63	3	1000		0	300	66	63	3	1000		0	299.606	66	63	3	1000		0	500	66	63	3	1000		0	500	66	63	3	1000								
sub-048	24	f	Female	right	16-05-2024	TCS	EGI - NA300	No	0	16/05/2024 17:32:20	sub-048	16-05-2024	24	Female	Female		White		Master (e.g., M.A., M.Sc., M.Ed., M.B.A.)	Right	0	0	0	1	0	0	1	1	0	0	1	0	2	2	1	1	0	0	0	1	0	11	3	2	3	3	1	3	3	1	4	3	1	4	3	2	3	3	2	2	3	1	43	3	3	1	2	4	1	1	4	1	3	3	1	1	1	3	3	1	1	3	4	28	2	1	1	0	0	3	0	3	2	2	3	1	0	18	May 16, 2024	Thermode		Cap a bit damp. Difficulty getting the GND/REF impedances down. P1 turns red on screen only. Fp1 noisier despite impedance being ok. Calibrations: rates almost nothing between 0 and 100. Thermal: third temperature at 47.9, but pulled their arm away several times; lowered to 46 based on the other calibration ratings. Drowsy. Some pain/discomfort near the REF due to intense adjusting during cap setup.	70.7000000000003	78.4000000000004	84.4000000000005	42.3399999999995	44.5199999999991	46	0	490	66	63	3	1000		0.763024033996956	490	66	63	3	1000		0	300	66	63	3	1000		0	300	66	63	3	1000		0	300	66	63	3	1000		0	300.002	66	63	3	1000		0.775416876367274	300.503	66	63	3	1000		0.773414326187222	500	66	63	3	1000		0.774715910885632	500	66	63	3	1000								
sub-049	32	m	Male	left	21-05-2024	TCS	EGI - NA300	No	1	21/05/2024 11:27:48	sub-049	21-05-2024	32	Male	Male		White		Master (e.g., M.A., M.Sc., M.Ed., M.B.A.)	Left	1	2	2	2	2	3	2	1	0	0	1	0	2	2	2	0	1	0	0	1	0	24	2	2	2	3	3	3	3	3	3	1	1	3	3	2	3	2	3	3	2	3	55	4	4	1	3	4	2	2	2	1	4	1	1	1	2	4	2	3	1	2	3	37	1	1	1	1	0	2	1	3	2	1	1	1	2	17	May 21, 2024	Audio		Incomplete data (audio). Cannot tolerate any sound (removed the headphones for almost every trial), so the audio tasks were not administered. Drowsy during the tasks, especially resting and thermode.	50	50	50	40.8799999999998	43.0499999999994	45.249999999999															0	300	66	63	3	1000		0	300	66	63	3	1000		0	300	66	63	3	1000		0	300.006	66	63	3	1000		0	300.5	66	63	3	1000		0	500	66	63	3	1000		0	500	66	63	3	1000								
sub-050	25	f	Other	right	28-05-2024	TCS	EGI - NA300	No	0	28/05/2024 11:40:59	sub-050	28-05-2024	25	Female	Other	non-binary	White		Master (e.g., M.A., M.Sc., M.Ed., M.B.A.)	Right	2	1	2	1	1	0	1	1	1	1	0	2	2	2	1	2	2	1	0	0	2	25	3	3	3	4	2	1	1	3	2	3	3	3	3	1	4	2	2	2	1	3	58	3	4	2	1	4	1	1	3	1	4	4	1	1	1	3	3	1	1	3	4	26	2	0	2	1	1	0	0	1	0	0	0	1	0	8	May 28, 2024	Thermode		High tolerance. Did not rate any temperature as painful during calibration or the active task. Temperatures of 44, 46, and 48 were administered.	79.1000000000004	87.2000000000005	90.8000000000006	44	46	47.9899999999984	0	490	66	63	3	1000		0	490	66	63	3	1000		0	300	66	63	3	1000		0	300	66	63	3	1000		0	300	66	63	3	1000		0	300.004	66	63	3	1000		2.88485617949883	300.502	66	63	3	1000		0.0044158641841534	500	66	63	3	1000		2.04598003502406	500	66	63	3	1000								
sub-051	30	m	Male	right	03-06-2024	TCS	EGI - NA300	No	1	03/06/2024 11:22:42	sub-051	03-06-2024	30	Male	Male		White		Bachelor’s degree (e.g., B.A., B.Sc., B.Ed., LL.B.)	Right	0	0	0	0	0	0	0	0	0	0	0	0	0	1	0	3	1	0	1	1	0	7	3	2	4	2	2	2	4	2	3	3	2	3	4	4	1	4	3	2	3	2	38	4	4	1	2	4	1	1	4	1	3	4	1	1	1	4	4	1	1	4	4	22	0	1	0	0	1	2	0	2	1	1	1	2	0	11	June 3, 2024	Audio		Resting: scratches and repositions during the first minute, coughs around 3:15. Generally repositions relatively often. Likes hot sauce.	51.1	58.4000000000001	67.8000000000003	44.889999999999	46.6799999999987	47.9899999999984	0	490	66	63	3	1000		0	490	66	63	3	1000		0	300	66	63	3	1000		0	300	66	63	3	1000		0	300	66	63	3	1000		0	300.003	66	63	3	1000		0	300.501	66	63	3	1000		0	500	66	63	3	1000		0	500	66	63	3	1000								
sub-052	26	m	Male	right	04-06-2024	TCS	EGI - NA300	No	1	04/06/2024 12:07:21	sub-052	04-06-2024	26	Male	Male		Latin American		Bachelor’s degree (e.g., B.A., B.Sc., B.Ed., LL.B.)	Right	1	1	1	1	1	0	0	2	0	0	0	1	1	1	1	0	1	0	0	1	0	13	2	2	2	3	2	3	3	1	1	2	2	3	3	3	2	2	2	1	3	2	43	3	4	4	2	3	2	2	3	2	3	2	2	3	2	3	3	2	2	2	3	44	3	3	3	3	2	2	2	3	3	3	3	3	2	35	June 4, 2024	Thermode		Mentioned a tendency to unconsciously tap their feet. Disgustpassive: holds the filter paper with their left hand at the start of the task.	50	68.9000000000003	82.6000000000005	44.4299999999991	46.9	47.9899999999984	0	490	66	63	3	1000		0	490	66	63	3	1000		0	300	66	63	3	1000		0	300	66	63	3	1000		0	300	66	63	3	1000		0	300	66	63	3	1000		0	300.502	66	63	3	1000		0	500	66	63	3	1000		0	500	66	63	3	1000								
sub-053	29	m	Male	right	06-06-2024	TCS	EGI - NA300	No	1	06/06/2024 16:56:05	sub-053	06-06-2024	29	Male	Male		South Asian		Master (e.g., M.A., M.Sc., M.Ed., M.B.A.)	Right	0	0	0	0	1	0	0	1	0	0	0	1	0	0	1	0	1	0	0	1	0	6	4	1	4	4	1	2	4	1	1	4	1	1	4	4	1	4	1	2	4	1	26	4	3	2	1	3	1	2	3	2	3	4	2	2	1	3	3	2	2	4	3	34	0	0	0	0	0	1	0	0	0	0	0	0	0	1	June 6, 2024	Audio		General comment: frequent wave artifacts in the EEG. Audiopassive: a lot of wave artifacts in the EEG signal. Disgustpassive: fairly noisy signal, particularly during the first minute of recording. Disgustactive: data quality possibly compromised (lots of wave artifacts, coughs several times). Used to eating spicy food.	62.5000000000002	74.4000000000004	82.5000000000005	44.939999999999	46.9	47.9899999999984	0.265218117630667	490	66	63	3	1000		0.188324850519422	490	66	63	3	1000		0	300	66	63	3	1000		0	300	66	63	3	1000		0.510717874326659	300	66	63	3	1000		0.682016617243718	300.001	66	63	3	1000		0	300.503	66	63	3	1000		0.0841109428892252	500	66	63	3	1000		0	500	66	63	3	1000								
sub-054	21	f	Female	right	12-06-2024	TCS	EGI - NA300	No	0	12/06/2024 16:33:39	sub-054	12-06-2024	21	Female	Female		White		Bachelor’s degree (e.g., B.A., B.Sc., B.Ed., LL.B.)	Right	1	0	1	0	1	0	1	1	0	0	0	0	2	2	1	0	1	1	0	0	0	12	3	3	2	3	2	2	2	4	3	3	2	3	4	1	3	3	3	3	2	3	55	4	4	1	2	4	2	2	3	1	4	4	1	1	1	4	4	2	1	3	3	27	1	1	1	1	2	2	3	3	3	3	3	1	1	25	June 12, 2024	Thermode		EEG cap damp from a morning session. Difficulty getting the impedances down. First time we used alcohol on the forehead and temples for sweat, to see if that might also explain the difficulty. Thermal: max temperature changed because it was barely tolerated 3 times out of 4; lowered to 46.5, considering the average rating at 46 was around 130-140. General: frontal electrodes particularly noisy despite impedances being ok and checked between each task.	75.9000000000004	82.6000000000005	87.8000000000005	41.8699999999996	44.2799999999992	46.5	0	490	66	63	3	1000		0	490	66	63	3	1000		0	300	66	63	3	1000		0	300	66	63	3	1000		0	300	66	63	3	1000		0	300.001	66	63	3	1000		0	300.503	66	63	3	1000		0	500	66	63	3	1000		0	500	66	63	3	1000								
sub-055	27	m	Male	right	16-07-2024	TCS	BrainProducts - Actichamp Plus	Yes	1	16/07/2024 12:02:42	sub-055	16-07-2024	27	Male	Male		Arab		Master (e.g., M.A., M.Sc., M.Ed., M.B.A.)	Right	0	0	0	0	0	0	0	0	0	0	0	2	0	0	1	1	0	1	0	0	0	5	3	2	3	3	2	2	4	2	2	3	2	1	3	3	1	2	3	2	4	2	40	4	3	1	1	4	2	1	3	1	4	4	1	2	1	3	3	3	3	1	4	33	0	0	0	0	0	0	2	1	0	0	0	0	0	3	July 16, 2024	Audio		No rating for audio (no discomfort) or thermode (no pain). T8 noisy during most tasks despite impedance being ok (seems slightly loose/floating). No discomfort felt for disgust and no pain felt for chemical. NO SENSATION OF PAIN OR DISCOMFORT AT ALL.	50	50	50	45.9	46.9	47.9899999999984	0	490	70	63	7	1000	 EOG and ECG channels were rescaled from 0.1mV/µV to µV. GSR channel was rescaled from 25mV/µS to µS.	0	490	70	63	7	1000	 EOG and ECG channels were rescaled from 0.1mV/µV to µV. GSR channel was rescaled from 25mV/µS to µS.	0	300	70	63	7	1000	 EOG and ECG channels were rescaled from 0.1mV/µV to µV. GSR channel was rescaled from 25mV/µS to µS.	0	300	70	63	7	1000	 EOG and ECG channels were rescaled from 0.1mV/µV to µV. GSR channel was rescaled from 25mV/µS to µS.	0	300	70	63	7	1000	 EOG and ECG channels were rescaled from 0.1mV/µV to µV. GSR channel was rescaled from 25mV/µS to µS.	0	300	70	63	7	1000	 EOG and ECG channels were rescaled from 0.1mV/µV to µV. GSR channel was rescaled from 25mV/µS to µS.	0	300	70	63	7	1000	 EOG and ECG channels were rescaled from 0.1mV/µV to µV. GSR channel was rescaled from 25mV/µS to µS.	0	500	70	63	7	1000	 EOG and ECG channels were rescaled from 0.1mV/µV to µV. GSR channel was rescaled from 25mV/µS to µS.	0	500	70	63	7	1000	 EOG and ECG channels were rescaled from 0.1mV/µV to µV. GSR channel was rescaled from 25mV/µS to µS.							
sub-056	22	m	Male	right	17-07-2024	TCS	BrainProducts - Actichamp Plus	Yes	1	17/07/2024 16:04:33	sub-056	17-07-2024	22	Male	Male		Other	French Bengali	Bachelor’s degree (e.g., B.A., B.Sc., B.Ed., LL.B.)	Right	0	0	0	1	0	0	0	0	0	0	1	1	1	1	1	1	1	2	0	1	1	12	3	3	3	1	2	3	3	2	2	3	1	2	3	3	2	3	3	2	3	3	41	4	4	2	2	3	1	2	3	1	4	3	1	1	1	3	3	2	2	2	3	33	3	2	0	1	1	1	0	2	3	2	2	0	0	17	July 17, 2024	Thermode		"Has a cold, coughs, and swallows more ""loudly"". The ECG, HEOG, and VEOG data are flat during the tasks but ok when looking outside of a task. For the thermode tasks, moves/repositions when the temperature changes (i.e. when the thermode is moved and at the trigger points in the EEG file). Thermodeactive: talks at the start of the task and around 3:15, and talks and coughs around 6:00."	73.0000000000003	82.9000000000005	90.1000000000006	43.4199999999993	45.8299999999988	47.4299999999985	0	490	70	63	7	1000	 EOG and ECG channels were rescaled from 0.1mV/µV to µV. GSR channel was rescaled from 25mV/µS to µS.;  HEOG and VEOG channels were swapped to correct a recording issue.; VEOG channel was inverted after visual inspection indicated blink inversion.	0	490	70	63	7	1000	 EOG and ECG channels were rescaled from 0.1mV/µV to µV. GSR channel was rescaled from 25mV/µS to µS.;  HEOG and VEOG channels were swapped to correct a recording issue.	0	300	70	63	7	1000	 EOG and ECG channels were rescaled from 0.1mV/µV to µV. GSR channel was rescaled from 25mV/µS to µS.;  HEOG and VEOG channels were swapped to correct a recording issue.	0	300	70	63	7	1000	 EOG and ECG channels were rescaled from 0.1mV/µV to µV. GSR channel was rescaled from 25mV/µS to µS.;  HEOG and VEOG channels were swapped to correct a recording issue.; VEOG channel was inverted after visual inspection indicated blink inversion.	0	300	70	63	7	1000	 EOG and ECG channels were rescaled from 0.1mV/µV to µV. GSR channel was rescaled from 25mV/µS to µS.;  HEOG and VEOG channels were swapped to correct a recording issue.	0	300	70	63	7	1000	 EOG and ECG channels were rescaled from 0.1mV/µV to µV. GSR channel was rescaled from 25mV/µS to µS.;  HEOG and VEOG channels were swapped to correct a recording issue.; VEOG channel was inverted after visual inspection indicated blink inversion.	0	300	70	63	7	1000	 EOG and ECG channels were rescaled from 0.1mV/µV to µV. GSR channel was rescaled from 25mV/µS to µS.;  HEOG and VEOG channels were swapped to correct a recording issue.; VEOG channel was inverted after visual inspection indicated blink inversion.	0	500	70	63	7	1000	 EOG and ECG channels were rescaled from 0.1mV/µV to µV. GSR channel was rescaled from 25mV/µS to µS.;  HEOG and VEOG channels were swapped to correct a recording issue.; VEOG channel was inverted after visual inspection indicated blink inversion.	0	500	70	63	7	1000	 EOG and ECG channels were rescaled from 0.1mV/µV to µV. GSR channel was rescaled from 25mV/µS to µS.;  HEOG and VEOG channels were swapped to correct a recording issue.							
sub-057	24	m	Male	right	24-07-2024	TCS	BrainProducts - Actichamp Plus	Yes	1	24/07/2024 12:21:21	sub-057	24-07-2024	24	Male	Male		White		Bachelor’s degree (e.g., B.A., B.Sc., B.Ed., LL.B.)	Right	0	0	0	0	0	0	0	0	0	0	0	0	0	0	0	0	0	0	0	0	0	0	4	2	3	2	1	3	3	1	2	4	2	2	4	3	2	3	1	2	3	1	33	3	4	1	1	3	1	1	3	1	3	4	1	1	1	3	3	1	1	3	3	28	0	0	0	0	0	1	1	1	2	2	1	1	0	9	July 24, 2024	Audio		No particular issues.	50.8	65.2000000000002	77.9000000000004	43.5499999999993	45.5699999999989	47.0399999999986	0	490	70	63	7	1000	 EOG and ECG channels were rescaled from 0.1mV/µV to µV. GSR channel was rescaled from 25mV/µS to µS.;  HEOG and VEOG channels were swapped to correct a recording issue.; VEOG channel was inverted after visual inspection indicated blink inversion.; ECG channel was inverted after visual inspection indicated QRS inversion.	0	490	70	63	7	1000	 EOG and ECG channels were rescaled from 0.1mV/µV to µV. GSR channel was rescaled from 25mV/µS to µS.;  HEOG and VEOG channels were swapped to correct a recording issue.; VEOG channel was inverted after visual inspection indicated blink inversion.; ECG channel was inverted after visual inspection indicated QRS inversion.	0	300	70	63	7	1000	 EOG and ECG channels were rescaled from 0.1mV/µV to µV. GSR channel was rescaled from 25mV/µS to µS.;  HEOG and VEOG channels were swapped to correct a recording issue.; VEOG channel was inverted after visual inspection indicated blink inversion.; ECG channel was inverted after visual inspection indicated QRS inversion.	0	300	70	63	7	1000	 EOG and ECG channels were rescaled from 0.1mV/µV to µV. GSR channel was rescaled from 25mV/µS to µS.;  HEOG and VEOG channels were swapped to correct a recording issue.; VEOG channel was inverted after visual inspection indicated blink inversion.; ECG channel was inverted after visual inspection indicated QRS inversion.	0	300	70	63	7	1000	 EOG and ECG channels were rescaled from 0.1mV/µV to µV. GSR channel was rescaled from 25mV/µS to µS.;  HEOG and VEOG channels were swapped to correct a recording issue.; VEOG channel was inverted after visual inspection indicated blink inversion.; ECG channel was inverted after visual inspection indicated QRS inversion.	0	300	70	63	7	1000	 EOG and ECG channels were rescaled from 0.1mV/µV to µV. GSR channel was rescaled from 25mV/µS to µS.;  HEOG and VEOG channels were swapped to correct a recording issue.; VEOG channel was inverted after visual inspection indicated blink inversion.; ECG channel was inverted after visual inspection indicated QRS inversion.	0	300	70	63	7	1000	 EOG and ECG channels were rescaled from 0.1mV/µV to µV. GSR channel was rescaled from 25mV/µS to µS.;  HEOG and VEOG channels were swapped to correct a recording issue.; VEOG channel was inverted after visual inspection indicated blink inversion.; ECG channel was inverted after visual inspection indicated QRS inversion.	0	500	70	63	7	1000	 EOG and ECG channels were rescaled from 0.1mV/µV to µV. GSR channel was rescaled from 25mV/µS to µS.;  HEOG and VEOG channels were swapped to correct a recording issue.; VEOG channel was inverted after visual inspection indicated blink inversion.; ECG channel was inverted after visual inspection indicated QRS inversion.	0	500	70	63	7	1000	 EOG and ECG channels were rescaled from 0.1mV/µV to µV. GSR channel was rescaled from 25mV/µS to µS.;  HEOG and VEOG channels were swapped to correct a recording issue.; VEOG channel was inverted after visual inspection indicated blink inversion.; ECG channel was inverted after visual inspection indicated QRS inversion.							
sub-058	35	f	Female	right	24-07-2024	TCS	BrainProducts - Actichamp Plus	Yes	0	24/07/2024 16:34:06	sub-058	24-07-2024	35	Female	Female		Chinese		Master (e.g., M.A., M.Sc., M.Ed., M.B.A.)	Right	0	1	1	0	0	1	0	0	0	0	0	0	1	1	1	0	1	0	0	1	2	10	3	2	3	3	2	3	3	2	2	3	2	2	4	3	2	3	2	2	3	2	40	3	3	2	2	3	3	2	3	2	3	3	2	1	1	3	3	2	2	2	3	40	3	3	2	2	3	2	1	3	2	1	1	2	3	28	July 24, 2024	Thermode		Electrodes noisier despite impedances being ok, particularly the frontal ones near the eyes (also wears glasses). Electrode PO4 particularly loose/floating. Seems to have a tendency to frown and raise the forehead in general, despite instructions not to.	57.1000000000001	75.8000000000004	85.1000000000005	40.8899999999998	45.119999999999	47.5	0	490	70	63	7	1000	 EOG and ECG channels were rescaled from 0.1mV/µV to µV. GSR channel was rescaled from 25mV/µS to µS.;  HEOG and VEOG channels were swapped to correct a recording issue.; VEOG channel was inverted after visual inspection indicated blink inversion.	0	490	70	63	7	1000	 EOG and ECG channels were rescaled from 0.1mV/µV to µV. GSR channel was rescaled from 25mV/µS to µS.;  HEOG and VEOG channels were swapped to correct a recording issue.; VEOG channel was inverted after visual inspection indicated blink inversion.	0	300	70	63	7	1000	 EOG and ECG channels were rescaled from 0.1mV/µV to µV. GSR channel was rescaled from 25mV/µS to µS.;  HEOG and VEOG channels were swapped to correct a recording issue.; VEOG channel was inverted after visual inspection indicated blink inversion.	0	300	70	63	7	1000	 EOG and ECG channels were rescaled from 0.1mV/µV to µV. GSR channel was rescaled from 25mV/µS to µS.;  HEOG and VEOG channels were swapped to correct a recording issue.; VEOG channel was inverted after visual inspection indicated blink inversion.	0	300	70	63	7	1000	 EOG and ECG channels were rescaled from 0.1mV/µV to µV. GSR channel was rescaled from 25mV/µS to µS.;  HEOG and VEOG channels were swapped to correct a recording issue.; VEOG channel was inverted after visual inspection indicated blink inversion.	0	300	70	63	7	1000	 EOG and ECG channels were rescaled from 0.1mV/µV to µV. GSR channel was rescaled from 25mV/µS to µS.;  HEOG and VEOG channels were swapped to correct a recording issue.; VEOG channel was inverted after visual inspection indicated blink inversion.	0	300	70	63	7	1000	 EOG and ECG channels were rescaled from 0.1mV/µV to µV. GSR channel was rescaled from 25mV/µS to µS.;  HEOG and VEOG channels were swapped to correct a recording issue.; VEOG channel was inverted after visual inspection indicated blink inversion.	0	500	70	63	7	1000	 EOG and ECG channels were rescaled from 0.1mV/µV to µV. GSR channel was rescaled from 25mV/µS to µS.;  HEOG and VEOG channels were swapped to correct a recording issue.; VEOG channel was inverted after visual inspection indicated blink inversion.	0	500	70	63	7	1000	 EOG and ECG channels were rescaled from 0.1mV/µV to µV. GSR channel was rescaled from 25mV/µS to µS.;  HEOG and VEOG channels were swapped to correct a recording issue.; VEOG channel was inverted after visual inspection indicated blink inversion.							
sub-059	22	f	Female	right	29-07-2024	TCS	BrainProducts - Actichamp Plus	Yes	0	29/07/2024 11:48:41	sub-059	29-07-2024	22	Female	Female		White		CÉGEP/College/Technique	Right	0	0	0	0	0	0	0	0	0	0	1	1	0	0	0	1	1	0	0	1	0	5	4	1	3	3	1	3	3	2	1	4	1	2	3	3	2	3	2	1	3	1	33	3	4	2	1	3	1	1	4	1	4	3	1	1	1	3	4	2	1	1	4	29	0	1	1	1	2	1	0	3	1	1	1	0	1	13	July 29, 2024	Audio		Audiopassive: T7 noisier at the start of the task, quite possibly due to pressure from the headphones.	64.5000000000002	73.8000000000003	81.7000000000004	43.7499999999993	45.9199999999988	47	0	490	70	63	7	1000	 EOG and ECG channels were rescaled from 0.1mV/µV to µV. GSR channel was rescaled from 25mV/µS to µS.;  HEOG and VEOG channels were swapped to correct a recording issue.; VEOG channel was inverted after visual inspection indicated blink inversion.	0	490	70	63	7	1000	 EOG and ECG channels were rescaled from 0.1mV/µV to µV. GSR channel was rescaled from 25mV/µS to µS.;  HEOG and VEOG channels were swapped to correct a recording issue.; VEOG channel was inverted after visual inspection indicated blink inversion.	0	300	70	63	7	1000	 EOG and ECG channels were rescaled from 0.1mV/µV to µV. GSR channel was rescaled from 25mV/µS to µS.;  HEOG and VEOG channels were swapped to correct a recording issue.; VEOG channel was inverted after visual inspection indicated blink inversion.	0	300	70	63	7	1000	 EOG and ECG channels were rescaled from 0.1mV/µV to µV. GSR channel was rescaled from 25mV/µS to µS.;  HEOG and VEOG channels were swapped to correct a recording issue.; VEOG channel was inverted after visual inspection indicated blink inversion.	0	300	70	63	7	1000	 EOG and ECG channels were rescaled from 0.1mV/µV to µV. GSR channel was rescaled from 25mV/µS to µS.;  HEOG and VEOG channels were swapped to correct a recording issue.; VEOG channel was inverted after visual inspection indicated blink inversion.	0	300	70	63	7	1000	 EOG and ECG channels were rescaled from 0.1mV/µV to µV. GSR channel was rescaled from 25mV/µS to µS.;  HEOG and VEOG channels were swapped to correct a recording issue.; VEOG channel was inverted after visual inspection indicated blink inversion.	0	300.002	70	63	7	1000	 EOG and ECG channels were rescaled from 0.1mV/µV to µV. GSR channel was rescaled from 25mV/µS to µS.;  HEOG and VEOG channels were swapped to correct a recording issue.; VEOG channel was inverted after visual inspection indicated blink inversion.	0	500	70	63	7	1000	 EOG and ECG channels were rescaled from 0.1mV/µV to µV. GSR channel was rescaled from 25mV/µS to µS.;  HEOG and VEOG channels were swapped to correct a recording issue.; VEOG channel was inverted after visual inspection indicated blink inversion.	0	500	70	63	7	1000	 EOG and ECG channels were rescaled from 0.1mV/µV to µV. GSR channel was rescaled from 25mV/µS to µS.;  HEOG and VEOG channels were swapped to correct a recording issue.; VEOG channel was inverted after visual inspection indicated blink inversion.							
sub-060	24	f	Female	right	29-07-2024	TCS	BrainProducts - Actichamp Plus	Yes	0	29/07/2024 17:09:19	sub-060	29-07-2024	24	Female	Female		Other	France and the Middle East (Turkey)	Bachelor’s degree (e.g., B.A., B.Sc., B.Ed., LL.B.)	Right	0	0	0	0	0	0	0	1	0	0	0	1	1	1	0	0	1	0	0	0	0	5	3	3	3	2	1	3	3	1	2	3	2	2	3	2	1	3	2	3	3	2	40	2	4	2	2	3	1	2	4	2	3	3	2	1	2	3	3	2	1	2	3	37	2	1	2	1	1	2	0	2	3	1	2	1	0	18	July 29, 2024	Thermode		Resting state: sneezed. Generally blinks often. T8 tends to be noisier despite impedance being ok.	53.3000000000001	60.6000000000002	70.0000000000003	45.9	46.9	47.9899999999984	0	490	70	63	7	1000	 EOG and ECG channels were rescaled from 0.1mV/µV to µV. GSR channel was rescaled from 25mV/µS to µS.;  HEOG and VEOG channels were swapped to correct a recording issue.; ECG channel was inverted after visual inspection indicated QRS inversion.	0	490	70	63	7	1000	 EOG and ECG channels were rescaled from 0.1mV/µV to µV. GSR channel was rescaled from 25mV/µS to µS.;  HEOG and VEOG channels were swapped to correct a recording issue.; ECG channel was inverted after visual inspection indicated QRS inversion.	0	300	70	63	7	1000	 EOG and ECG channels were rescaled from 0.1mV/µV to µV. GSR channel was rescaled from 25mV/µS to µS.;  HEOG and VEOG channels were swapped to correct a recording issue.; ECG channel was inverted after visual inspection indicated QRS inversion.	0	300	70	63	7	1000	 EOG and ECG channels were rescaled from 0.1mV/µV to µV. GSR channel was rescaled from 25mV/µS to µS.;  HEOG and VEOG channels were swapped to correct a recording issue.; ECG channel was inverted after visual inspection indicated QRS inversion.	0	300	70	63	7	1000	 EOG and ECG channels were rescaled from 0.1mV/µV to µV. GSR channel was rescaled from 25mV/µS to µS.;  HEOG and VEOG channels were swapped to correct a recording issue.; ECG channel was inverted after visual inspection indicated QRS inversion.	0	300	70	63	7	1000	 EOG and ECG channels were rescaled from 0.1mV/µV to µV. GSR channel was rescaled from 25mV/µS to µS.;  HEOG and VEOG channels were swapped to correct a recording issue.; ECG channel was inverted after visual inspection indicated QRS inversion.	0	300	70	63	7	1000	 EOG and ECG channels were rescaled from 0.1mV/µV to µV. GSR channel was rescaled from 25mV/µS to µS.;  HEOG and VEOG channels were swapped to correct a recording issue.; ECG channel was inverted after visual inspection indicated QRS inversion.	0	500	70	63	7	1000	 EOG and ECG channels were rescaled from 0.1mV/µV to µV. GSR channel was rescaled from 25mV/µS to µS.;  HEOG and VEOG channels were swapped to correct a recording issue.; ECG channel was inverted after visual inspection indicated QRS inversion.	0	500	70	63	7	1000	 EOG and ECG channels were rescaled from 0.1mV/µV to µV. GSR channel was rescaled from 25mV/µS to µS.;  HEOG and VEOG channels were swapped to correct a recording issue.; ECG channel was inverted after visual inspection indicated QRS inversion.							
sub-061	37	f	Female	right	31-07-2024	TCS	BrainProducts - Actichamp Plus	Yes	0	31/07/2024 12:28:10	sub-061	31-07-2024	37	Female	Female		White		Master (e.g., M.A., M.Sc., M.Ed., M.B.A.)	Right	0	1	0	0	0	0	0	1	0	0	1	0	0	1	1	0	0	0	0	0	1	6	2	1	2	2	2	3	2	1	2	3	1	3	4	3	2	2	1	2	4	1	38	4	4	2	1	3	1	2	2	1	3	3	2	1	1	3	3	2	1	3	3	33	3	1	1	1	0	2	0	3	3	2	3	2	2	23	July 31, 2024	Audio		Impedances difficult to get down. FP2 noisier despite impedance being ok, but very difficult to achieve. Resting: duration of 280s instead of 300s due to an EEG bug.	50.9	63.2000000000002	75.6000000000004	43.1699999999994	45.3599999999989	46.9899999999986	0	490	70	63	7	1000	 EOG and ECG channels were rescaled from 0.1mV/µV to µV. GSR channel was rescaled from 25mV/µS to µS.;  HEOG and VEOG channels were swapped to correct a recording issue.; VEOG channel was inverted after visual inspection indicated blink inversion.; ECG channel was inverted after visual inspection indicated QRS inversion.	0	490	70	63	7	1000	 EOG and ECG channels were rescaled from 0.1mV/µV to µV. GSR channel was rescaled from 25mV/µS to µS.;  HEOG and VEOG channels were swapped to correct a recording issue.; VEOG channel was inverted after visual inspection indicated blink inversion.; ECG channel was inverted after visual inspection indicated QRS inversion.	0	300	70	63	7	1000	 EOG and ECG channels were rescaled from 0.1mV/µV to µV. GSR channel was rescaled from 25mV/µS to µS.;  HEOG and VEOG channels were swapped to correct a recording issue.; VEOG channel was inverted after visual inspection indicated blink inversion.; ECG channel was inverted after visual inspection indicated QRS inversion.	0	300	70	63	7	1000	 EOG and ECG channels were rescaled from 0.1mV/µV to µV. GSR channel was rescaled from 25mV/µS to µS.;  HEOG and VEOG channels were swapped to correct a recording issue.; VEOG channel was inverted after visual inspection indicated blink inversion.; ECG channel was inverted after visual inspection indicated QRS inversion.	0	300	70	63	7	1000	 EOG and ECG channels were rescaled from 0.1mV/µV to µV. GSR channel was rescaled from 25mV/µS to µS.;  HEOG and VEOG channels were swapped to correct a recording issue.; VEOG channel was inverted after visual inspection indicated blink inversion.; ECG channel was inverted after visual inspection indicated QRS inversion.	0	300	70	63	7	1000	 EOG and ECG channels were rescaled from 0.1mV/µV to µV. GSR channel was rescaled from 25mV/µS to µS.;  HEOG and VEOG channels were swapped to correct a recording issue.; VEOG channel was inverted after visual inspection indicated blink inversion.; ECG channel was inverted after visual inspection indicated QRS inversion.	0	280.039	70	63	7	1000	 EOG and ECG channels were rescaled from 0.1mV/µV to µV. GSR channel was rescaled from 25mV/µS to µS.;  HEOG and VEOG channels were swapped to correct a recording issue.; VEOG channel was inverted after visual inspection indicated blink inversion.; ECG channel was inverted after visual inspection indicated QRS inversion.; Resting eyes open task was stopped early at 280s.	0	500	70	63	7	1000	 EOG and ECG channels were rescaled from 0.1mV/µV to µV. GSR channel was rescaled from 25mV/µS to µS.;  HEOG and VEOG channels were swapped to correct a recording issue.; VEOG channel was inverted after visual inspection indicated blink inversion.; ECG channel was inverted after visual inspection indicated QRS inversion.	0	500	70	63	7	1000	 EOG and ECG channels were rescaled from 0.1mV/µV to µV. GSR channel was rescaled from 25mV/µS to µS.;  HEOG and VEOG channels were swapped to correct a recording issue.; VEOG channel was inverted after visual inspection indicated blink inversion.; ECG channel was inverted after visual inspection indicated QRS inversion.							
sub-062	25	f	Female	right	02-08-2024	TCS	BrainProducts - Actichamp Plus	Yes	0	02/08/2024 11:27:53	sub-062	02-08-2024	25	Female	Female		White		Bachelor’s degree (e.g., B.A., B.Sc., B.Ed., LL.B.)	Right	1	0	0	0	0	0	1	1	0	0	0	0	0	0	0	0	0	0	0	0	0	3	3	3	3	3	2	3	4	1	2	3	1	3	4	2	2	3	2	2	3	1	39	4	4	1	1	4	1	1	4	1	4	3	1	1	1	4	4	1	1	4	4	21	1	1	0	1	1	2	0	1	1	1	1	0	0	10	August 2, 2024	Thermode		Audiopassive and audioactive: electrodes noisier despite impedances being ok.	71.8000000000003	82.0000000000005	89.6000000000006	45.269999999999	46.9	47.9899999999984	0	490	70	63	7	1000	 EOG and ECG channels were rescaled from 0.1mV/µV to µV. GSR channel was rescaled from 25mV/µS to µS.;  HEOG and VEOG channels were swapped to correct a recording issue.; VEOG channel was inverted after visual inspection indicated blink inversion.	0	490	70	63	7	1000	 EOG and ECG channels were rescaled from 0.1mV/µV to µV. GSR channel was rescaled from 25mV/µS to µS.;  HEOG and VEOG channels were swapped to correct a recording issue.; VEOG channel was inverted after visual inspection indicated blink inversion.	0	300	70	63	7	1000	 EOG and ECG channels were rescaled from 0.1mV/µV to µV. GSR channel was rescaled from 25mV/µS to µS.;  HEOG and VEOG channels were swapped to correct a recording issue.; VEOG channel was inverted after visual inspection indicated blink inversion.	0	300	70	63	7	1000	 EOG and ECG channels were rescaled from 0.1mV/µV to µV. GSR channel was rescaled from 25mV/µS to µS.;  HEOG and VEOG channels were swapped to correct a recording issue.; VEOG channel was inverted after visual inspection indicated blink inversion.	0	300	70	63	7	1000	 EOG and ECG channels were rescaled from 0.1mV/µV to µV. GSR channel was rescaled from 25mV/µS to µS.;  HEOG and VEOG channels were swapped to correct a recording issue.; VEOG channel was inverted after visual inspection indicated blink inversion.	0	300	70	63	7	1000	 EOG and ECG channels were rescaled from 0.1mV/µV to µV. GSR channel was rescaled from 25mV/µS to µS.;  HEOG and VEOG channels were swapped to correct a recording issue.; VEOG channel was inverted after visual inspection indicated blink inversion.	0	300.002	70	63	7	1000	 EOG and ECG channels were rescaled from 0.1mV/µV to µV. GSR channel was rescaled from 25mV/µS to µS.;  HEOG and VEOG channels were swapped to correct a recording issue.; VEOG channel was inverted after visual inspection indicated blink inversion.	0	500	70	63	7	1000	 EOG and ECG channels were rescaled from 0.1mV/µV to µV. GSR channel was rescaled from 25mV/µS to µS.;  HEOG and VEOG channels were swapped to correct a recording issue.; VEOG channel was inverted after visual inspection indicated blink inversion.	0	500	70	63	7	1000	 EOG and ECG channels were rescaled from 0.1mV/µV to µV. GSR channel was rescaled from 25mV/µS to µS.;  HEOG and VEOG channels were swapped to correct a recording issue.; VEOG channel was inverted after visual inspection indicated blink inversion.							
sub-064	24	f	Female	right	12-08-2024	TCS	BrainProducts - Actichamp Plus	Yes	0	12/08/2024 11:55:59	sub-064	12-08-2024	24	Female	Female		White		Bachelor’s degree (e.g., B.A., B.Sc., B.Ed., LL.B.)	Right	0	1	0	0	1	0	1	0	0	0	0	0	1	1	1	0	0	0	0	1	0	7	3	2	3	2	1	2	3	2	3	3	2	3	4	3	1	2	3	2	3	1	41	3	4	2	1	3	1	1	2	2	4	3	1	1	1	3	3	2	1	4	4	30	2	1	0	1	0	2	0	1	3	1	3	0	1	15	August 12, 2024	Thermode		Laughs occasionally during the thermode and audio tasks. During thermodeactive around 4:45, people entered the lab thinking there were no participants, turned on the lights, and talked briefly.	57.8000000000001	68.3000000000003	78.6000000000004	45.239999999999	46.5	47.9899999999984	0	490	70	63	7	1000	 EOG and ECG channels were rescaled from 0.1mV/µV to µV. GSR channel was rescaled from 25mV/µS to µS.;  HEOG and VEOG channels were swapped to correct a recording issue.	0	490	70	63	7	1000	 EOG and ECG channels were rescaled from 0.1mV/µV to µV. GSR channel was rescaled from 25mV/µS to µS.;  HEOG and VEOG channels were swapped to correct a recording issue.	0	300	70	63	7	1000	 EOG and ECG channels were rescaled from 0.1mV/µV to µV. GSR channel was rescaled from 25mV/µS to µS.;  HEOG and VEOG channels were swapped to correct a recording issue.	0	300	70	63	7	1000	 EOG and ECG channels were rescaled from 0.1mV/µV to µV. GSR channel was rescaled from 25mV/µS to µS.;  HEOG and VEOG channels were swapped to correct a recording issue.	0	300	70	63	7	1000	 EOG and ECG channels were rescaled from 0.1mV/µV to µV. GSR channel was rescaled from 25mV/µS to µS.;  HEOG and VEOG channels were swapped to correct a recording issue.	0	300	70	63	7	1000	 EOG and ECG channels were rescaled from 0.1mV/µV to µV. GSR channel was rescaled from 25mV/µS to µS.;  HEOG and VEOG channels were swapped to correct a recording issue.	0	300	70	63	7	1000	 EOG and ECG channels were rescaled from 0.1mV/µV to µV. GSR channel was rescaled from 25mV/µS to µS.;  HEOG and VEOG channels were swapped to correct a recording issue.	0	500	70	63	7	1000	 EOG and ECG channels were rescaled from 0.1mV/µV to µV. GSR channel was rescaled from 25mV/µS to µS.;  HEOG and VEOG channels were swapped to correct a recording issue.	0	500	70	63	7	1000	 EOG and ECG channels were rescaled from 0.1mV/µV to µV. GSR channel was rescaled from 25mV/µS to µS.;  HEOG and VEOG channels were swapped to correct a recording issue.							
sub-065	22	m	Male	right	20-09-2024	TCS	BrainProducts - Actichamp Plus	Yes	1	20/09/2024 12:54:21	sub-065	20-09-2024	22	Male	Male		White		Bachelor’s degree (e.g., B.A., B.Sc., B.Ed., LL.B.)	Right	0	1	0	0	0	0	0	0	0	0	0	0	1	0	1	0	0	0	0	0	0	3	3	1	3	3	1	3	2	2	2	3	1	3	4	3	2	3	2	3	3	3	41	4	4	1	1	4	1	1	3	1	3	3	1	1	1	4	3	1	1	3	3	26	2	1	0	2	2	3	0	3	2	3	3	1	2	24	September 20, 2024	Audio		T8 very noisy despite impedance being ok during resting and audiopassive. TP9 noisier toward the end of audiopassive. More noise during the disgust tasks.	76.3000000000004	84.1000000000005	90.2000000000006	44.4099999999991	46.6199999999987	47.9899999999984	0	490	70	63	7	1000	 HEOG and VEOG channels were swapped to correct a recording issue.; VEOG channel was inverted after visual inspection indicated blink inversion.	0	490	70	63	7	1000	 HEOG and VEOG channels were swapped to correct a recording issue.; VEOG channel was inverted after visual inspection indicated blink inversion.	0	300	70	63	7	1000	 HEOG and VEOG channels were swapped to correct a recording issue.; VEOG channel was inverted after visual inspection indicated blink inversion.	0	300	70	63	7	1000	 HEOG and VEOG channels were swapped to correct a recording issue.; VEOG channel was inverted after visual inspection indicated blink inversion.	0	300	70	63	7	1000	 HEOG and VEOG channels were swapped to correct a recording issue.; VEOG channel was inverted after visual inspection indicated blink inversion.	0	300	70	63	7	1000	 HEOG and VEOG channels were swapped to correct a recording issue.; VEOG channel was inverted after visual inspection indicated blink inversion.	0	300.002	70	63	7	1000	 HEOG and VEOG channels were swapped to correct a recording issue.; VEOG channel was inverted after visual inspection indicated blink inversion.	0	500	70	63	7	1000	 HEOG and VEOG channels were swapped to correct a recording issue.; VEOG channel was inverted after visual inspection indicated blink inversion.	0	500	70	63	7	1000	 HEOG and VEOG channels were swapped to correct a recording issue.; VEOG channel was inverted after visual inspection indicated blink inversion.							
sub-066	20	f	Female	left	25-09-2024	TCS	BrainProducts - Actichamp Plus	Yes	0	25/09/2024 10:50:03	sub-066	25-09-2024	20	Female	Female		White		Bachelor’s degree (e.g., B.A., B.Sc., B.Ed., LL.B.)	Left	2	1	1	2	1	1	1	3	0	1	0	1	2	0	2	1	0	1	0	0	0	20	2	3	2	3	2	1	3	2	4	2	4	2	3	1	2	2	4	2	2	4	59	4	3	2	1	3	1	2	3	1	3	3	2	1	2	3	2	2	1	2	3	36	0	1	0	0	1	2	1	2	3	3	3	1	1	18	September 25, 2024	Thermode		"C1 painful (""burning"") before the audiopassive task. Ok before the task starts. Falls asleep during the tasks. Two temperatures above 47, so one changed to 46.9."	74.7000000000004	82.1000000000005	87.7000000000005	45.4099999999989	46.9	47.9899999999984	0	490	70	63	7	1000	 HEOG and VEOG channels were swapped to correct a recording issue.; VEOG channel was inverted after visual inspection indicated blink inversion.	0	490	70	63	7	1000	 HEOG and VEOG channels were swapped to correct a recording issue.	0	300	70	63	7	1000	 HEOG and VEOG channels were swapped to correct a recording issue.; VEOG channel was inverted after visual inspection indicated blink inversion.	0	300	70	63	7	1000	 HEOG and VEOG channels were swapped to correct a recording issue.; VEOG channel was inverted after visual inspection indicated blink inversion.	0	300	70	63	7	1000	 HEOG and VEOG channels were swapped to correct a recording issue.; VEOG channel was inverted after visual inspection indicated blink inversion.	0	300	70	63	7	1000	 HEOG and VEOG channels were swapped to correct a recording issue.; VEOG channel was inverted after visual inspection indicated blink inversion.	0	300.001	70	63	7	1000	 HEOG and VEOG channels were swapped to correct a recording issue.; VEOG channel was inverted after visual inspection indicated blink inversion.	0	500	70	63	7	1000	 HEOG and VEOG channels were swapped to correct a recording issue.; VEOG channel was inverted after visual inspection indicated blink inversion.	0	500	70	63	7	1000	 HEOG and VEOG channels were swapped to correct a recording issue.; VEOG channel was inverted after visual inspection indicated blink inversion.							
sub-067	20	f	Female	right	26-09-2024	TCS	BrainProducts - Actichamp Plus	Yes	0	26/09/2024 11:40:10	sub-067	26-09-2024	20	Female	Female		White		Bachelor’s degree (e.g., B.A., B.Sc., B.Ed., LL.B.)	Right	1	1	0	0	1	0	1	2	0	0	0	0	2	0	0	2	1	0	0	1	0	12	3	3	2	4	2	2	3	2	3	3	1	3	4	1	2	3	3	2	3	2	48	3	3	3	1	4	1	1	3	1	3	3	2	1	4	3	3	1	1	3	3	35	0	0	1	1	1	2	0	3	2	1	3	2	0	16	September 26, 2024	Audio		Thermode: seems to move more at the highest temperature.	74.6000000000004	81.8000000000005	87.4000000000005	43.8199999999992	46.8199999999986	47.9899999999984	0	490	70	63	7	1000	 HEOG and VEOG channels were swapped to correct a recording issue.; VEOG channel was inverted after visual inspection indicated blink inversion.	0	490	70	63	7	1000	 HEOG and VEOG channels were swapped to correct a recording issue.; VEOG channel was inverted after visual inspection indicated blink inversion.	0	300	70	63	7	1000	 HEOG and VEOG channels were swapped to correct a recording issue.; VEOG channel was inverted after visual inspection indicated blink inversion.	0	300	70	63	7	1000	 HEOG and VEOG channels were swapped to correct a recording issue.; VEOG channel was inverted after visual inspection indicated blink inversion.	0	300	70	63	7	1000	 HEOG and VEOG channels were swapped to correct a recording issue.; VEOG channel was inverted after visual inspection indicated blink inversion.	0	300	70	63	7	1000	 HEOG and VEOG channels were swapped to correct a recording issue.; VEOG channel was inverted after visual inspection indicated blink inversion.	0	300	70	63	7	1000	 HEOG and VEOG channels were swapped to correct a recording issue.; VEOG channel was inverted after visual inspection indicated blink inversion.	0	500	70	63	7	1000	 HEOG and VEOG channels were swapped to correct a recording issue.; VEOG channel was inverted after visual inspection indicated blink inversion.	0	500	70	63	7	1000	 HEOG and VEOG channels were swapped to correct a recording issue.; VEOG channel was inverted after visual inspection indicated blink inversion.							
sub-068	22	f	Female	right	27-09-2024	TCS	BrainProducts - Actichamp Plus	Yes	0	27/09/2024 12:48:37	sub-068	27-09-2024	22	Female	Female		White		Bachelor’s degree (e.g., B.A., B.Sc., B.Ed., LL.B.)	Right	0	0	0	0	1	1	1	2	0	0	0	0	1	1	1	0	1	0	0	0	0	9	3	2	2	3	2	1	2	2	3	3	1	3	4	3	4	2	3	2	3	4	51	4	4	1	2	3	1	2	3	1	4	1	1	1	3	3	2	2	1	4	3	34	3	0	0	0	2	4	3	4	3	3	2	0	4	28	September 27, 2024	Thermode		Has mild tinnitus. Does not, however, find the sounds painful (we confirmed this). A lot of eye movement during the tasks.	50.2	64.0000000000002	76.8000000000004	42.6299999999995	44.6799999999991	46	0	490	70	63	7	1000	 HEOG and VEOG channels were swapped to correct a recording issue.	0	490	70	63	7	1000	 HEOG and VEOG channels were swapped to correct a recording issue.	0	300	70	63	7	1000	 HEOG and VEOG channels were swapped to correct a recording issue.	0	300	70	63	7	1000	 HEOG and VEOG channels were swapped to correct a recording issue.	0	300	70	63	7	1000	 HEOG and VEOG channels were swapped to correct a recording issue.	0	300	70	63	7	1000	 HEOG and VEOG channels were swapped to correct a recording issue.	0	289.321	70	63	7	1000	 HEOG and VEOG channels were swapped to correct a recording issue.; Resting eyes open task was stopped early at 290s.	0	500	70	63	7	1000	 HEOG and VEOG channels were swapped to correct a recording issue.	0	500	70	63	7	1000	 HEOG and VEOG channels were swapped to correct a recording issue.							
sub-069	24	f	Female	right	27-09-2024	TCS	BrainProducts - Actichamp Plus	Yes	0	27/09/2024 16:24:13	sub-069	27-09-2024	24	Female	Female		White		Master (e.g., M.A., M.Sc., M.Ed., M.B.A.)	Right	1	0	0	0	0	0	0	0	0	0	0	0	0	0	0	0	0	0	0	0	1	2	4	1	3	1	1	3	3	2	1	4	1	2	3	3	2	3	2	2	3	2	33	4	4	2	1	4	1	2	4	1	4	3	2	1	1	4	3	2	1	3	4	27	1	2	2	2	2	1	0	3	3	2	2	1	0	21	September 27, 2024	Audio		Some electrodes noisier despite impedances being ok. Especially the electrodes near the ears (wears glasses). T8 loose/floating almost the whole time (regardless of glasses or not). Blinks a lot.	70.3000000000003	78.7000000000004	85.1000000000005	43.7799999999993	46.6499999999987	47.9899999999984	0	490	70	63	7	1000	 HEOG and VEOG channels were swapped to correct a recording issue.	0	490	70	63	7	1000	 HEOG and VEOG channels were swapped to correct a recording issue.	0	300	70	63	7	1000	 HEOG and VEOG channels were swapped to correct a recording issue.	0	300	70	63	7	1000	 HEOG and VEOG channels were swapped to correct a recording issue.	0	300	70	63	7	1000	 HEOG and VEOG channels were swapped to correct a recording issue.	0	300	70	63	7	1000	 HEOG and VEOG channels were swapped to correct a recording issue.	0	300.002	70	63	7	1000	 HEOG and VEOG channels were swapped to correct a recording issue.	0	500	70	63	7	1000	 HEOG and VEOG channels were swapped to correct a recording issue.	0	500	70	63	7	1000	 HEOG and VEOG channels were swapped to correct a recording issue.							
sub-070	21	f	Female	right	02-10-2024	TCS	BrainProducts - Actichamp Plus	Yes	0	02/10/2024 11:03:15	sub-070	02-10-2024	21	Female	Female		Chinese		CÉGEP/College/Technique	Right	1	1	0	2	1	0	1	0	0	1	0	1	0	2	1	1	2	2	0	1	0	17	4	3	3	2	2	2	3	2	2	4	1	2	3	4	2	3	2	2	3	3	39	3	4	1	2	3	1	2	3	1	1	3	2	1	2	2	3	2	1	3	3	37	1	0	0	0	1	2	0	3	1	0	1	0	1	10	October 2, 2024	Thermode		"Particularly thick hair, difficult to get impedance down for the electrodes near the ears and further back on the head (loose/floating). Has an early cold, may cough during the tasks. Sometimes has stomach cramps but considers them mildly painful. Very drowsy during the tasks (nodding off, several head movements) despite reminders. Audioactive: hit the ""enter"" button on the response box toward the end of the task, so the cursor could no longer move."	59.4000000000001	73.7000000000003	83.9000000000005	41.4099999999997	43.0199999999994	45.3	0	490	70	63	7	1000	 HEOG and VEOG channels were swapped to correct a recording issue.	0	490	70	63	7	1000	 HEOG and VEOG channels were swapped to correct a recording issue.; VEOG channel was inverted after visual inspection indicated blink inversion.	0	300	70	63	7	1000	 HEOG and VEOG channels were swapped to correct a recording issue.	0	300	70	63	7	1000	 HEOG and VEOG channels were swapped to correct a recording issue.	0	300	70	63	7	1000	 HEOG and VEOG channels were swapped to correct a recording issue.	0	300	70	63	7	1000	 HEOG and VEOG channels were swapped to correct a recording issue.	0	300.004	70	63	7	1000	 HEOG and VEOG channels were swapped to correct a recording issue.; VEOG channel was inverted after visual inspection indicated blink inversion.	0	500	70	63	7	1000	 HEOG and VEOG channels were swapped to correct a recording issue.; VEOG channel was inverted after visual inspection indicated blink inversion.	0	500	70	63	7	1000	 HEOG and VEOG channels were swapped to correct a recording issue.; VEOG channel was inverted after visual inspection indicated blink inversion.							
sub-071	21	f	Female	right	03-10-2024	TCS	BrainProducts - Actichamp Plus	Yes	0	03/10/2024 11:52:39	sub-071	03-10-2024	21	Female	Female		White		CÉGEP/College/Technique	Right	0	0	1	0	0	0	1	2	0	0	0	0	0	0	0	0	0	0	0	0	0	4	4	1	4	2	1	3	4	1	2	4	1	2	4	3	2	4	2	3	3	2	31	4	4	1	1	4	1	1	4	1	4	4	1	1	1	4	4	1	1	4	4	20	1	3	1	0	3	1	0	1	3	3	2	0	0	18	October 3, 2024	Audio		Two temperatures above 47, so one adjusted to 46.9. Finds that the bitter squash doesn't taste like much.	71.8000000000003	81.5000000000005	87.0000000000005	45.9699999999988	46.9	47.9899999999984	0	490	70	63	7	1000	 HEOG and VEOG channels were swapped to correct a recording issue.; VEOG channel was inverted after visual inspection indicated blink inversion.	0	490	70	63	7	1000	 HEOG and VEOG channels were swapped to correct a recording issue.; VEOG channel was inverted after visual inspection indicated blink inversion.	0	300	70	63	7	1000	 HEOG and VEOG channels were swapped to correct a recording issue.; VEOG channel was inverted after visual inspection indicated blink inversion.	0	300	70	63	7	1000	 HEOG and VEOG channels were swapped to correct a recording issue.; VEOG channel was inverted after visual inspection indicated blink inversion.	0	300	70	63	7	1000	 HEOG and VEOG channels were swapped to correct a recording issue.; VEOG channel was inverted after visual inspection indicated blink inversion.	0	300	70	63	7	1000	 HEOG and VEOG channels were swapped to correct a recording issue.; VEOG channel was inverted after visual inspection indicated blink inversion.	0	300	70	63	7	1000	 HEOG and VEOG channels were swapped to correct a recording issue.; VEOG channel was inverted after visual inspection indicated blink inversion.	0	500	70	63	7	1000	 HEOG and VEOG channels were swapped to correct a recording issue.; VEOG channel was inverted after visual inspection indicated blink inversion.	0	500	70	63	7	1000	 HEOG and VEOG channels were swapped to correct a recording issue.; VEOG channel was inverted after visual inspection indicated blink inversion.							
sub-072	20	m	Male	right	10-10-2024	TCS	BrainProducts - Actichamp Plus	Yes	1	10/10/2024 11:58:36	sub-072	10-10-2024	20	Male	Male		White		CÉGEP/College/Technique	Right	1	0	1	0	0	0	0	1	1	0	0	0	0	0	0	0	0	0	0	0	0	4	4	1	3	1	1	3	2	1	1	4	2	2	3	3	1	3	2	1	3	1	31	4	4	1	1	2	1	1	2	1	3	3	1	1	2	2	2	2	2	3	3	35	3	1	1	0	0	2	0	0	1	0	1	1	1	11	October 10, 2024	Thermode		Has a cold.	66.5000000000002	79.8000000000004	86.6000000000005	43.7999999999992	46	47.9899999999984	0	490	70	63	7	1000	 HEOG and VEOG channels were swapped to correct a recording issue.; VEOG channel was inverted after visual inspection indicated blink inversion.; ECG channel was inverted after visual inspection indicated QRS inversion.	0	490	70	63	7	1000	 HEOG and VEOG channels were swapped to correct a recording issue.; VEOG channel was inverted after visual inspection indicated blink inversion.; ECG channel was inverted after visual inspection indicated QRS inversion.	0	300	70	63	7	1000	 HEOG and VEOG channels were swapped to correct a recording issue.; VEOG channel was inverted after visual inspection indicated blink inversion.; ECG channel was inverted after visual inspection indicated QRS inversion.	0	300	70	63	7	1000	 HEOG and VEOG channels were swapped to correct a recording issue.; VEOG channel was inverted after visual inspection indicated blink inversion.; ECG channel was inverted after visual inspection indicated QRS inversion.	0	300	70	63	7	1000	 HEOG and VEOG channels were swapped to correct a recording issue.; VEOG channel was inverted after visual inspection indicated blink inversion.; ECG channel was inverted after visual inspection indicated QRS inversion.	0	300	70	63	7	1000	 HEOG and VEOG channels were swapped to correct a recording issue.; VEOG channel was inverted after visual inspection indicated blink inversion.; ECG channel was inverted after visual inspection indicated QRS inversion.	0	300.001	70	63	7	1000	 HEOG and VEOG channels were swapped to correct a recording issue.; VEOG channel was inverted after visual inspection indicated blink inversion.; ECG channel was inverted after visual inspection indicated QRS inversion.	0	500	70	63	7	1000	 HEOG and VEOG channels were swapped to correct a recording issue.; VEOG channel was inverted after visual inspection indicated blink inversion.; ECG channel was inverted after visual inspection indicated QRS inversion.	0	500	70	63	7	1000	 HEOG and VEOG channels were swapped to correct a recording issue.; VEOG channel was inverted after visual inspection indicated blink inversion.; ECG channel was inverted after visual inspection indicated QRS inversion.							
sub-073	25	f	Female	right	01-11-2024	TCS	BrainProducts - Actichamp Plus	Yes	0	01/11/2024 12:07:15	sub-073	01-11-2024	25	Female	Female		White		Master (e.g., M.A., M.Sc., M.Ed., M.B.A.)	Right	0	0	0	0	0	0	0	0	0	0	0	0	0	0	0	0	0	0	0	0	0	0	4	2	3	1	1	3	3	1	1	3	1	3	3	2	2	3	2	1	3	2	35	4	4	1	1	4	1	1	4	1	4	3	1	1	2	4	4	1	1	3	4	23	1	1	0	0	0	1	0	2	2	1	1	1	0	10	November 1, 2024	Audio		Electrodes particularly loose/floating around the left ear.	55.9000000000001	64.9000000000002	75.0000000000004	44.0599999999992	46.3199999999987	47.9899999999984	0	490	70	63	7	1000	 HEOG and VEOG channels were swapped to correct a recording issue.; VEOG channel was inverted after visual inspection indicated blink inversion.	0	490	70	63	7	1000	 HEOG and VEOG channels were swapped to correct a recording issue.; VEOG channel was inverted after visual inspection indicated blink inversion.	0	300	70	63	7	1000	 HEOG and VEOG channels were swapped to correct a recording issue.; VEOG channel was inverted after visual inspection indicated blink inversion.	0	300	70	63	7	1000	 HEOG and VEOG channels were swapped to correct a recording issue.; VEOG channel was inverted after visual inspection indicated blink inversion.	0	300	70	63	7	1000	 HEOG and VEOG channels were swapped to correct a recording issue.; VEOG channel was inverted after visual inspection indicated blink inversion.	0	300	70	63	7	1000	 HEOG and VEOG channels were swapped to correct a recording issue.; VEOG channel was inverted after visual inspection indicated blink inversion.	0	300.001	70	63	7	1000	 HEOG and VEOG channels were swapped to correct a recording issue.; VEOG channel was inverted after visual inspection indicated blink inversion.	0	500	70	63	7	1000	 HEOG and VEOG channels were swapped to correct a recording issue.; VEOG channel was inverted after visual inspection indicated blink inversion.	0	500	70	63	7	1000	 HEOG and VEOG channels were swapped to correct a recording issue.; VEOG channel was inverted after visual inspection indicated blink inversion.							
sub-074	21	f	Female	right	01-11-2024	TCS	BrainProducts - Actichamp Plus	Yes	0	01/11/2024 16:01:58	sub-074	01-11-2024	21	Female	Female		White		Bachelor’s degree (e.g., B.A., B.Sc., B.Ed., LL.B.)	Right	0	0	0	0	0	1	0	1	0	0	1	1	2	0	1	2	1	0	0	0	0	10	4	2	3	2	1	3	3	2	3	4	2	2	4	2	2	4	1	1	4	2	34	4	4	1	1	4	1	1	3	1	3	3	1	1	2	4	4	2	1	3	4	26	2	3	0	1	1	4	2	3	3	2	3	1	1	26	November 1, 2024	Thermode		"Hit the ""Enter"" button on the controller, which froze their cursor during the disgustactive task. The person thinks this happened after about 2 minutes. However, their rating likely wouldn't have really changed after the bug, so the frozen cursor position should still be a good indicator of the actual discomfort rating."	56.1000000000001	67.9000000000003	78.8000000000004	45.9	46.9	47.9899999999984	0	490	70	63	7	1000	 HEOG and VEOG channels were swapped to correct a recording issue.; VEOG channel was inverted after visual inspection indicated blink inversion.	0	490	70	63	7	1000	 HEOG and VEOG channels were swapped to correct a recording issue.; VEOG channel was inverted after visual inspection indicated blink inversion.	0	300	70	63	7	1000	 HEOG and VEOG channels were swapped to correct a recording issue.; VEOG channel was inverted after visual inspection indicated blink inversion.	0	300	70	63	7	1000	 HEOG and VEOG channels were swapped to correct a recording issue.; VEOG channel was inverted after visual inspection indicated blink inversion.	0	300	70	63	7	1000	 HEOG and VEOG channels were swapped to correct a recording issue.; VEOG channel was inverted after visual inspection indicated blink inversion.	0	300	70	63	7	1000	 HEOG and VEOG channels were swapped to correct a recording issue.; VEOG channel was inverted after visual inspection indicated blink inversion.	0	300.001	70	63	7	1000	 HEOG and VEOG channels were swapped to correct a recording issue.; VEOG channel was inverted after visual inspection indicated blink inversion.	0	500	70	63	7	1000	 HEOG and VEOG channels were swapped to correct a recording issue.; VEOG channel was inverted after visual inspection indicated blink inversion.	0	500	70	63	7	1000	 HEOG and VEOG channels were swapped to correct a recording issue.; VEOG channel was inverted after visual inspection indicated blink inversion.							
sub-075	22	m	Male	right	15-11-2024	TCS	BrainProducts - Actichamp Plus	Yes	1	15/11/2024 12:46:39	sub-075	15-11-2024	22	Male	Male		White		Bachelor’s degree (e.g., B.A., B.Sc., B.Ed., LL.B.)	Right	1	1	0	0	0	0	0	1	0	0	0	0	2	1	0	1	0	0	0	0	1	8	3	3	4	3	2	3	3	2	3	2	1	2	3	3	2	2	2	2	3	2	43	3	3	2	1	3	2	1	4	1	3	3	2	1	2	3	4	2	1	3	4	32	3	1	1	2	1	3	2	3	1	1	1	2	1	22	November 15, 2024	Audio		"TO EXCLUDE (DROWSINESS ++)? Small ""waves"" associated with drowsiness or fluctuating concentration are frequently present in the recordings. Audiopassive, audioactive, thermalpassive: seems to have their eyes closed often despite warnings and instructions to keep them open. Thermalactive: falls asleep less but moves more (legs, feet, and fingers); frequently rates a lower temperature as more painful than a higher one. Closes their eyes frequently in all tasks."	63.8000000000002	77.0000000000004	85.3000000000005	41.7799999999996	44.0099999999992	45.9	0	490	70	63	7	1000	 HEOG and VEOG channels were swapped to correct a recording issue.; VEOG channel was inverted after visual inspection indicated blink inversion.	0	490	70	63	7	1000	 HEOG and VEOG channels were swapped to correct a recording issue.; VEOG channel was inverted after visual inspection indicated blink inversion.	0	300	70	63	7	1000	 HEOG and VEOG channels were swapped to correct a recording issue.; VEOG channel was inverted after visual inspection indicated blink inversion.	0	300	70	63	7	1000	 HEOG and VEOG channels were swapped to correct a recording issue.; VEOG channel was inverted after visual inspection indicated blink inversion.	0	300	70	63	7	1000	 HEOG and VEOG channels were swapped to correct a recording issue.; VEOG channel was inverted after visual inspection indicated blink inversion.	0	300	70	63	7	1000	 HEOG and VEOG channels were swapped to correct a recording issue.; VEOG channel was inverted after visual inspection indicated blink inversion.	0	300.001	70	63	7	1000	 HEOG and VEOG channels were swapped to correct a recording issue.; VEOG channel was inverted after visual inspection indicated blink inversion.	0	500	70	63	7	1000	 HEOG and VEOG channels were swapped to correct a recording issue.; VEOG channel was inverted after visual inspection indicated blink inversion.	0	500	70	63	7	1000	 HEOG and VEOG channels were swapped to correct a recording issue.; VEOG channel was inverted after visual inspection indicated blink inversion.							
sub-076	21	f	Female	right	20-11-2024	TCS	BrainProducts - Actichamp Plus	Yes	0	20/11/2024 10:48:28	sub-076	20-11-2024	21	Female	Female		Latin American		CÉGEP/College/Technique	Right	0	0	0	0	1	0	1	0	0	0	0	0	0	0	1	0	0	0	0	0	0	3	4	2	3	2	1	1	3	3	2	4	2	2	4	3	2	2	1	1	2	2	39	3	4	2	1	3	1	2	3	1	4	3	2	1	1	3	4	2	2	2	4	32	0	2	1	3	2	4	0	4	3	3	4	2	0	28	November 20, 2024	Thermode		Fp1 and Fp2 noisier during audiopassive. Sometimes blinks more to keep from falling asleep. Coughing during chemical at certain points.	65.2000000000002	75.0000000000004	82.8000000000005	40.7699999999999	42.6699999999995	45.159999999999	0	490	70	63	7	1000	 HEOG and VEOG channels were swapped to correct a recording issue.; VEOG channel was inverted after visual inspection indicated blink inversion.	0	490	70	63	7	1000	 HEOG and VEOG channels were swapped to correct a recording issue.; VEOG channel was inverted after visual inspection indicated blink inversion.	0	300	70	63	7	1000	 HEOG and VEOG channels were swapped to correct a recording issue.; VEOG channel was inverted after visual inspection indicated blink inversion.	0	300	70	63	7	1000	 HEOG and VEOG channels were swapped to correct a recording issue.; VEOG channel was inverted after visual inspection indicated blink inversion.	0	300	70	63	7	1000	 HEOG and VEOG channels were swapped to correct a recording issue.; VEOG channel was inverted after visual inspection indicated blink inversion.	0	300	70	63	7	1000	 HEOG and VEOG channels were swapped to correct a recording issue.; VEOG channel was inverted after visual inspection indicated blink inversion.	0	300.006	70	63	7	1000	 HEOG and VEOG channels were swapped to correct a recording issue.; VEOG channel was inverted after visual inspection indicated blink inversion.	0	500	70	63	7	1000	 HEOG and VEOG channels were swapped to correct a recording issue.; VEOG channel was inverted after visual inspection indicated blink inversion.	0	500	70	63	7	1000	 HEOG and VEOG channels were swapped to correct a recording issue.; VEOG channel was inverted after visual inspection indicated blink inversion.							
sub-077	21	f	Female	right	21-11-2024	TCS	BrainProducts - Actichamp Plus	Yes	0	21/11/2024 12:02:48	sub-077	21-11-2024	21	Female	Female		White		CÉGEP/College/Technique	Right	0	0	0	0	0	1	1	1	0	1	0	0	2	0	1	0	0	1	0	0	0	8	3	3	3	2	1	2	1	2	4	4	2	3	3	1	2	2	3	3	3	3	51	3	3	2	1	3	1	1	3	1	3	3	2	1	1	3	4	1	1	2	4	31	2	2	1	1	1	1	1	2	1	2	2	1	0	17	November 21, 2024	Audio		Resting: booth light left on because the small light was out of charge. Temperatures for the thermal tasks adjusted: during calibration the person was much less sensitive at position 1 (48 degrees was barely a mild pain, whereas everywhere else it was extremely painful, at the limit of tolerability), so the program overestimated the temperatures.	74.0000000000003	80.6000000000004	85.8000000000005	43.1899999999994	44.5	46.5	0	490	70	63	7	1000	 HEOG and VEOG channels were swapped to correct a recording issue.; VEOG channel was inverted after visual inspection indicated blink inversion.	0	490	70	63	7	1000	 HEOG and VEOG channels were swapped to correct a recording issue.; VEOG channel was inverted after visual inspection indicated blink inversion.	0	300	70	63	7	1000	 HEOG and VEOG channels were swapped to correct a recording issue.; VEOG channel was inverted after visual inspection indicated blink inversion.	0	300	70	63	7	1000	 HEOG and VEOG channels were swapped to correct a recording issue.; VEOG channel was inverted after visual inspection indicated blink inversion.	0	300	70	63	7	1000	 HEOG and VEOG channels were swapped to correct a recording issue.; VEOG channel was inverted after visual inspection indicated blink inversion.	0	300	70	63	7	1000	 HEOG and VEOG channels were swapped to correct a recording issue.; VEOG channel was inverted after visual inspection indicated blink inversion.	0	300.001	70	63	7	1000	 HEOG and VEOG channels were swapped to correct a recording issue.; VEOG channel was inverted after visual inspection indicated blink inversion.	0	500	70	63	7	1000	 HEOG and VEOG channels were swapped to correct a recording issue.; VEOG channel was inverted after visual inspection indicated blink inversion.	0	500	70	63	7	1000	 HEOG and VEOG channels were swapped to correct a recording issue.; VEOG channel was inverted after visual inspection indicated blink inversion.							
sub-078	28	m	Male	right	27-11-2024	TCS	BrainProducts - Actichamp Plus	Yes	1	27/11/2024 10:38:27	sub-078	27-11-2024	28	Male	Male		Latin American		Bachelor’s degree (e.g., B.A., B.Sc., B.Ed., LL.B.)	Right	0	0	0	0	0	0	0	2	0	0	0	0	0	0	0	1	1	0	0	1	0	5	3	2	3	2	1	2	2	2	1	3	1	2	4	2	1	4	1	1	2	1	35	3	3	2	2	3	1	2	1	1	4	4	2	1	1	2	3	2	1	2	4	36	2	1	0	2	1	1	0	2	1	3	3	1	0	17	November 27, 2024	Thermode		No particular issues.	58.5000000000001	71.3000000000003	81.1000000000005	42.4399999999995	45.269999999999	47.1	0	490	70	63	7	1000	 HEOG and VEOG channels were swapped to correct a recording issue.	0	490	70	63	7	1000	 HEOG and VEOG channels were swapped to correct a recording issue.	0	300	70	63	7	1000	 HEOG and VEOG channels were swapped to correct a recording issue.	0	300	70	63	7	1000	 HEOG and VEOG channels were swapped to correct a recording issue.	0	300	70	63	7	1000	 HEOG and VEOG channels were swapped to correct a recording issue.	0	300	70	63	7	1000	 HEOG and VEOG channels were swapped to correct a recording issue.	0	300	70	63	7	1000	 HEOG and VEOG channels were swapped to correct a recording issue.	0	500	70	63	7	1000	 HEOG and VEOG channels were swapped to correct a recording issue.	0	500	70	63	7	1000	 HEOG and VEOG channels were swapped to correct a recording issue.							
sub-079	22	m	Male	right	28-11-2024	TCS	BrainProducts - Actichamp Plus	Yes	1	28/11/2024 11:35:02	sub-079	28-11-2024	22	Male	Male		White		Master (e.g., M.A., M.Sc., M.Ed., M.B.A.)	Right	0	0	0	0	0	0	0	0	0	0	0	0	0	0	0	0	0	0	0	0	0	0	3	2	3	2	1	2	3	1	3	3	1	2	4	2	2	3	2	2	3	2	39	4	4	4	1	4	1	1	4	1	4	4	1	1	1	4	4	1	1	4	4	23	0	0	0	0	0	0	0	1	0	0	1	1	1	4	November 28, 2024	Audio		T8 very noisy (remove it?): regardless of the manipulations (removing the electrode, cleaning it, reapplying gel, adjusting further, reapplying gel) and adequate impedance level -- seems to settle over time though, worth checking. Had to move the cap further back than usual since otherwise the electrode in front of the ears ended up inside the ears. Thermode: maxed out (all three temperatures = 47.9). Temperatures changed to 45.9, 46.9, and 47.9.	82.0000000000005	87.6000000000005	89.9000000000006	45.9	46.9	47.9899999999984	0	490	70	63	7	1000	 HEOG and VEOG channels were swapped to correct a recording issue.; VEOG channel was inverted after visual inspection indicated blink inversion.	0	490	70	63	7	1000	 HEOG and VEOG channels were swapped to correct a recording issue.; VEOG channel was inverted after visual inspection indicated blink inversion.	0	300	70	63	7	1000	 HEOG and VEOG channels were swapped to correct a recording issue.; VEOG channel was inverted after visual inspection indicated blink inversion.	0	300	70	63	7	1000	 HEOG and VEOG channels were swapped to correct a recording issue.; VEOG channel was inverted after visual inspection indicated blink inversion.	0	300	70	63	7	1000	 HEOG and VEOG channels were swapped to correct a recording issue.; VEOG channel was inverted after visual inspection indicated blink inversion.	0	300	70	63	7	1000	 HEOG and VEOG channels were swapped to correct a recording issue.; VEOG channel was inverted after visual inspection indicated blink inversion.	0	300.004	70	63	7	1000	 HEOG and VEOG channels were swapped to correct a recording issue.; VEOG channel was inverted after visual inspection indicated blink inversion.	0	500	70	63	7	1000	 HEOG and VEOG channels were swapped to correct a recording issue.; VEOG channel was inverted after visual inspection indicated blink inversion.	0	500	70	63	7	1000	 HEOG and VEOG channels were swapped to correct a recording issue.; VEOG channel was inverted after visual inspection indicated blink inversion.							
sub-080	24	m	Male	right	05-12-2024	TCS	BrainProducts - Actichamp Plus	Yes	1	05/12/2024 12:06:20	sub-080	05-12-2024	24	Male	Male		White, Arab		Bachelor’s degree (e.g., B.A., B.Sc., B.Ed., LL.B.)	Right	1	1	2	2	1	1	1	2	0	0	0	2	2	0	2	1	3	2	1	0	1	25	3	2	2	4	2	2	3	2	2	3	2	2	3	3	2	3	2	2	3	2	44	4	4	1	1	4	1	2	3	1	4	4	1	1	1	4	3	1	1	4	4	23	0	0	0	0	1	2	0	3	2	1	1	2	1	13	December 5, 2024	Thermode		Very high thermode tolerance: three identical temperatures during calibration, so changed to 45.9, 46.9, and 47.9. Check that ECG is being captured properly (some difficulty during setup, slight overweight).	70.3000000000003	78.3000000000004	84.5000000000005	45.9	46.9	47.9899999999984	0	490	70	63	7	1000	 HEOG and VEOG channels were swapped to correct a recording issue.; VEOG channel was inverted after visual inspection indicated blink inversion.	0	490	70	63	7	1000	 HEOG and VEOG channels were swapped to correct a recording issue.; VEOG channel was inverted after visual inspection indicated blink inversion.	0	300	70	63	7	1000	 HEOG and VEOG channels were swapped to correct a recording issue.; VEOG channel was inverted after visual inspection indicated blink inversion.	0	300	70	63	7	1000	 HEOG and VEOG channels were swapped to correct a recording issue.; VEOG channel was inverted after visual inspection indicated blink inversion.	0	300	70	63	7	1000	 HEOG and VEOG channels were swapped to correct a recording issue.; VEOG channel was inverted after visual inspection indicated blink inversion.	0	300	70	63	7	1000	 HEOG and VEOG channels were swapped to correct a recording issue.; VEOG channel was inverted after visual inspection indicated blink inversion.	0	300	70	63	7	1000	 HEOG and VEOG channels were swapped to correct a recording issue.; VEOG channel was inverted after visual inspection indicated blink inversion.	0	500	70	63	7	1000	 HEOG and VEOG channels were swapped to correct a recording issue.; VEOG channel was inverted after visual inspection indicated blink inversion.	0	500	70	63	7	1000	 HEOG and VEOG channels were swapped to correct a recording issue.; VEOG channel was inverted after visual inspection indicated blink inversion.							
sub-081	24	f	Female	left	06-12-2024	TCS	BrainProducts - Actichamp Plus	Yes	0	06/12/2024 10:50:52	sub-081	06-12-2024	24	Female	Female		White		Bachelor’s degree (e.g., B.A., B.Sc., B.Ed., LL.B.)	Left	0	0	0	0	0	0	0	0	0	0	0	0	0	0	0	0	0	0	0	0	0	0	4	2	3	1	1	3	3	1	1	4	1	2	4	3	1	4	2	1	3	2	29	4	4	1	1	4	1	1	4	1	4	4	1	1	1	4	4	1	1	3	4	21	0	0	0	0	0	0	0	1	0	0	0	0	0	1	December 6, 2024	Audio		Frontal electrodes generally noisier (e.g. Fp1, Fp2) despite impedances being ok. Redid the audioactive task because of an EEG bug (recording stopped after two-thirds of the time) and the person hit the enter button on the response box, so the cursor could no longer move for rating.	74.7000000000004	83.0000000000005	89.3000000000006	45.129999999999	46.9	47.9899999999984	0	490	70	63	7	1000	 HEOG and VEOG channels were swapped to correct a recording issue.; VEOG channel was inverted after visual inspection indicated blink inversion.	0	490	70	63	7	1000	 HEOG and VEOG channels were swapped to correct a recording issue.; VEOG channel was inverted after visual inspection indicated blink inversion.	0	300	70	63	7	1000	 HEOG and VEOG channels were swapped to correct a recording issue.; VEOG channel was inverted after visual inspection indicated blink inversion.	0	300	70	63	7	1000	 HEOG and VEOG channels were swapped to correct a recording issue.; VEOG channel was inverted after visual inspection indicated blink inversion.	0	300	70	63	7	1000	 HEOG and VEOG channels were swapped to correct a recording issue.; VEOG channel was inverted after visual inspection indicated blink inversion.	0	300	70	63	7	1000	 HEOG and VEOG channels were swapped to correct a recording issue.; VEOG channel was inverted after visual inspection indicated blink inversion.	0	299.998	70	63	7	1000	 HEOG and VEOG channels were swapped to correct a recording issue.; VEOG channel was inverted after visual inspection indicated blink inversion.	0	500	70	63	7	1000	 HEOG and VEOG channels were swapped to correct a recording issue.; VEOG channel was inverted after visual inspection indicated blink inversion.	0	500	70	63	7	1000	 HEOG and VEOG channels were swapped to correct a recording issue.; VEOG channel was inverted after visual inspection indicated blink inversion.							
sub-082	40	f	Female	right	11-12-2024	TCS	BrainProducts - Actichamp Plus	Yes	0	11/12/2024 11:04:36	sub-082	11-12-2024	40	Female	Female		White		Master (e.g., M.A., M.Sc., M.Ed., M.B.A.)	Right	0	0	0	0	0	0	0	0	0	0	0	0	0	0	0	0	0	0	0	0	0	0	3	2	2	2	2	3	2	2	2	3	1	3	4	3	2	3	1	1	3	1	38	4	4	1	2	4	1	1	4	1	4	4	1	1	1	4	4	1	1	3	4	22	0	0	0	0	0	0	0	0	0	0	0	0	0	0	December 11, 2024	Thermode		Less pain reported during the thermode tasks than during calibration. At the start of thermalactive, around 3 minutes in, had a very brief cramp/spike of pain in the thigh (the person judges it lasted barely 2 seconds).	76.3000000000004	81.9000000000005	86.4000000000005	45.199999999999	46.1	47.1	0	490	70	63	7	1000	 HEOG and VEOG channels were swapped to correct a recording issue.; VEOG channel was inverted after visual inspection indicated blink inversion.	0	490	70	63	7	1000	 HEOG and VEOG channels were swapped to correct a recording issue.; VEOG channel was inverted after visual inspection indicated blink inversion.	0	300	70	63	7	1000	 HEOG and VEOG channels were swapped to correct a recording issue.; VEOG channel was inverted after visual inspection indicated blink inversion.	0	300	70	63	7	1000	 HEOG and VEOG channels were swapped to correct a recording issue.; VEOG channel was inverted after visual inspection indicated blink inversion.	0	300	70	63	7	1000	 HEOG and VEOG channels were swapped to correct a recording issue.; VEOG channel was inverted after visual inspection indicated blink inversion.	0	300	70	63	7	1000	 HEOG and VEOG channels were swapped to correct a recording issue.; VEOG channel was inverted after visual inspection indicated blink inversion.	0	300.005	70	63	7	1000	 HEOG and VEOG channels were swapped to correct a recording issue.; VEOG channel was inverted after visual inspection indicated blink inversion.	0	500	70	63	7	1000	 HEOG and VEOG channels were swapped to correct a recording issue.; VEOG channel was inverted after visual inspection indicated blink inversion.	0	500	70	63	7	1000	 HEOG and VEOG channels were swapped to correct a recording issue.; VEOG channel was inverted after visual inspection indicated blink inversion.							
sub-083	21	m	Male	right	22-01-2025	TCS	BrainProducts - Actichamp Plus	Yes	1	22/01/2025 16:34:21	sub-083	22-01-2025	21	Male	Male		Black		High school or professional	Right	1	0	0	1	1	0	1	3	1	0	0	2	0	0	0	3	1	0	3	2	0	19	3	2	3	2	1	3	4	2	1	2	4	1	3	3	2	3	1	2	4	4	39	4	4	2	1	3	1	2	2	1	3	3	2	1	2	2	2	3	1	3	3	37	1	1	2	0	0	2	3	4	1	1	1	0	2	18	January 22, 2025	Audio		Drowsy during the tasks, worse during the passive ones. Disgust: during passive says it was really unpleasant, but doesn't even rate it as slightly unpleasant during the active task.	59.1000000000001	70.2000000000003	79.4000000000004	44.849999999999	46.3499999999987	47.4699999999985	0	490	70	63	7	1000	 HEOG and VEOG channels were swapped to correct a recording issue.; VEOG channel was inverted after visual inspection indicated blink inversion.; No ECG events were found in the ECG channel during visual inspection.;  No ECG events were found in the ECG channel during import	0	490	70	63	7	1000	 HEOG and VEOG channels were swapped to correct a recording issue.; VEOG channel was inverted after visual inspection indicated blink inversion.	0	300	70	63	7	1000	 HEOG and VEOG channels were swapped to correct a recording issue.	0	300	70	63	7	1000	 HEOG and VEOG channels were swapped to correct a recording issue.	0	300	70	63	7	1000	 HEOG and VEOG channels were swapped to correct a recording issue.	0	300	70	63	7	1000	 HEOG and VEOG channels were swapped to correct a recording issue.	0	300	70	63	7	1000	 HEOG and VEOG channels were swapped to correct a recording issue.	0	500	70	63	7	1000	 HEOG and VEOG channels were swapped to correct a recording issue.; VEOG channel was inverted after visual inspection indicated blink inversion.	0	500	70	63	7	1000	 HEOG and VEOG channels were swapped to correct a recording issue.; No ECG events were found in the ECG channel during visual inspection.;  No ECG events were found in the ECG channel during import							
sub-084	25	f	Female	right	23-01-2025	TCS	BrainProducts - Actichamp Plus	Yes	0	23/01/2025 11:21:27	sub-084	23-01-2025	25	Female	Female		White	European	Bachelor’s degree (e.g., B.A., B.Sc., B.Ed., LL.B.)	Right	0	0	2	0	0	1	0	3	0	0	0	0	1	1	2	1	1	0	1	0	2	15	3	2	3	2	1	3	3	2	2	3	2	3	3	2	2	3	3	2	3	2	42	4	4	3	3	4	1	1	3	1	4	4	3	1	1	4	3	3	1	4	4	30	1	2	1	0	0	2	1	1	2	2	3	1	1	17	January 23, 2025	Thermode		Could not verify whether the ECG polarity was correct due to a scaling bug in the EEG software. Same for VEOG, HEOG, and GSR, but eye movements are clearly visible in the other electrodes. Construction work near the lab during the experiment (machinery noise, conversation between workers); conversation noise reasonably well blocked by the booth, but not the machinery noise. Chemicalpassive: coughs during the task.	66.1000000000002	75.2000000000004	82.8000000000005	45.079999999999	46.3699999999987	47.3799999999985	0	490	70	63	7	1000	 HEOG and VEOG channels were swapped to correct a recording issue.	0	490	70	63	7	1000	 HEOG and VEOG channels were swapped to correct a recording issue.	0	300	70	63	7	1000	 HEOG and VEOG channels were swapped to correct a recording issue.	0	300	70	63	7	1000	 HEOG and VEOG channels were swapped to correct a recording issue.	0	300	70	63	7	1000	 HEOG and VEOG channels were swapped to correct a recording issue.	0	300	70	63	7	1000	 HEOG and VEOG channels were swapped to correct a recording issue.	0	300.001	70	63	7	1000	 HEOG and VEOG channels were swapped to correct a recording issue.	0	500	70	63	7	1000	 HEOG and VEOG channels were swapped to correct a recording issue.	0	500	70	63	7	1000	 HEOG and VEOG channels were swapped to correct a recording issue.							
sub-085	20	m	Male	right	29-01-2025	TCS	BrainProducts - Actichamp Plus	Yes	1	29/01/2025 16:24:38	sub-085	29-01-2025	20	Male	Male		White		CÉGEP/College/Technique	Right	0	0	0	0	0	0	0	0	0	0	0	0	1	0	0	0	0	0	0	0	0	1	4	2	4	2	1	3	3	1	3	4	1	2	4	2	1	4	3	3	4	2	34	4	4	2	1	4	1	1	4	1	4	4	1	1	1	4	4	1	1	4	4	21	0	0	0	0	0	1	0	1	1	0	2	3	0	8	January 29, 2025	Audio	Open	No particular issues.	69.2000000000003	77.8000000000004	84.2000000000005	41.5399999999997	43.5899999999993	45.6699999999989	0	490	70	63	7	1000	 HEOG and VEOG channels were swapped to correct a recording issue.; No ECG events were found in the ECG channel during visual inspection.;  No ECG events were found in the ECG channel during import	0	490	70	63	7	1000	 HEOG and VEOG channels were swapped to correct a recording issue.	0	300	70	63	7	1000	 HEOG and VEOG channels were swapped to correct a recording issue.; VEOG channel was inverted after visual inspection indicated blink inversion.; No ECG events were found in the ECG channel during visual inspection.;  No ECG events were found in the ECG channel during import	0	300	70	63	7	1000	 HEOG and VEOG channels were swapped to correct a recording issue.;  No EOG events were found in the VEOG channel during import; No ECG events were found in the ECG channel during visual inspection.;  No ECG events were found in the ECG channel during import	0	300	70	63	7	1000	 HEOG and VEOG channels were swapped to correct a recording issue.; VEOG channel was inverted after visual inspection indicated blink inversion.	0	300	70	63	7	1000	 HEOG and VEOG channels were swapped to correct a recording issue.;  No EOG events were found in the VEOG channel during import; No ECG events were found in the ECG channel during visual inspection.;  No ECG events were found in the ECG channel during import	0	300.001	70	63	7	1000	 HEOG and VEOG channels were swapped to correct a recording issue.; No ECG events were found in the ECG channel during visual inspection.;  No ECG events were found in the ECG channel during import	0	500	70	63	7	1000	 HEOG and VEOG channels were swapped to correct a recording issue.	0	500	70	63	7	1000	 HEOG and VEOG channels were swapped to correct a recording issue.	300.001	0	70	63	7	1000	 HEOG and VEOG channels were swapped to correct a recording issue.
sub-086	43	m	Male	right	31-01-2025	TCS	BrainProducts - Actichamp Plus	Yes	1	31/01/2025 13:49:32	sub-086	31-01-2025	43	Male	Male		White		High school or professional	Right	0	0	0	0	0	0	0	0	0	0	0	0	0	0	0	2	0	0	0	0	0	2	3	2	4	2	1	3	3	1	2	3	1	2	4	3	2	4	2	1	3	2	33	3	4	2	1	3	1	1	3	1	4	4	1	1	4	3	4	2	1	4	4	29	1	1	1	0	1	2	0	1	2	1	2	0	1	13	January 31, 2025	Thermode	Closed	During resting eyes closed, a cell phone rang outside the booth near the end. Chemicalpassive: coughs around 4:30. Thermal: temperatures adjusted because 2 were above 47.	60.5000000000002	72.3000000000003	82.0000000000005	44.979999999999	46.5	47.9899999999984	0	490	70	63	7	1000		0	490	70	63	7	1000		0	300	70	63	7	1000		0	300	70	63	7	1000		0	300	70	63	7	1000		0	300	70	63	7	1000		0	300.001	70	63	7	1000		0	500	70	63	7	1000		0	500	70	63	7	1000		299.998	0	70	63	7	1000	
sub-087	20	f	Female	left	14-02-2025	TCS	BrainProducts - Actichamp Plus	Yes	0	14/02/2025 16:39:46	sub-087	14-02-2025	20	Female	Female		White		CÉGEP/College/Technique	Left	1	0	0	0	0	0	0	0	0	1	0	1	1	0	1	0	0	0	0	0	1	6	4	2	3	1	1	3	3	2	2	4	2	2	4	3	1	3	2	1	3	2	33	3	4	2	2	3	2	2	4	1	3	3	1	1	2	3	3	2	2	2	3	36	0	3	1	2	1	2	1	4	2	2	3	1	1	23	February 14, 2025	Audio	Open	Tends to blink frequently.	70.1000000000003	80.4000000000004	88.2000000000005	40	42.0399999999996	45.219999999999	0	490	70	63	7	1000	VEOG channel was inverted after visual inspection indicated blink inversion.	0	490	70	63	7	1000	VEOG channel was inverted after visual inspection indicated blink inversion.	0	300	70	63	7	1000	VEOG channel was inverted after visual inspection indicated blink inversion.	0	300	70	63	7	1000	VEOG channel was inverted after visual inspection indicated blink inversion.	0	300	70	63	7	1000	VEOG channel was inverted after visual inspection indicated blink inversion.	0	300	70	63	7	1000	VEOG channel was inverted after visual inspection indicated blink inversion.	0	300.001	70	63	7	1000	VEOG channel was inverted after visual inspection indicated blink inversion.	0	500	70	63	7	1000	VEOG channel was inverted after visual inspection indicated blink inversion.	0	500	70	63	7	1000	VEOG channel was inverted after visual inspection indicated blink inversion.	300.004	0	70	63	7	1000	VEOG channel was inverted after visual inspection indicated blink inversion.
sub-088	21	f	Female	right	19-02-2025	TCS	BrainProducts - Actichamp Plus	Yes	0	19/02/2025 16:20:12	sub-088	19-02-2025	21	Female	Female		White		CÉGEP/College/Technique	Right	1	0	2	0	1	0	0	1	0	0	1	0	0	0	0	1	0	0	0	0	0	7	2	3	2	3	2	3	2	2	3	3	2	3	3	2	2	3	3	4	3	2	51	3	4	2	2	2	1	2	3	1	4	3	2	1	2	3	3	2	2	2	3	37	3	0	1	2	0	0	0	3	1	0	3	2	2	17	February 19, 2025	Thermode	Closed	Electrodes loose/floating at the front of the temples (FT9 and FT10). Blinks little (did not fall asleep).	61.9000000000002	73.0000000000003	82.1000000000005	44.3899999999991	46.6699999999987	47.9899999999984	0	490	70	63	7	1000	VEOG channel was inverted after visual inspection indicated blink inversion.	0	490	70	63	7	1000	VEOG channel was inverted after visual inspection indicated blink inversion.	0	300	70	63	7	1000	VEOG channel was inverted after visual inspection indicated blink inversion.	0	300	70	63	7	1000	VEOG channel was inverted after visual inspection indicated blink inversion.	0	300	70	63	7	1000	VEOG channel was inverted after visual inspection indicated blink inversion.	0	300	70	63	7	1000	VEOG channel was inverted after visual inspection indicated blink inversion.	0	300.002	70	63	7	1000	VEOG channel was inverted after visual inspection indicated blink inversion.	0	500	70	63	7	1000	VEOG channel was inverted after visual inspection indicated blink inversion.	0	500	70	63	7	1000	VEOG channel was inverted after visual inspection indicated blink inversion.	300.001	0	70	63	7	1000	
sub-089	26	m	Male	right	20-02-2025	TCS	BrainProducts - Actichamp Plus	Yes	1	20/02/2025 11:08:00	sub-089	20-02-2025	26	Male	Male		White		Bachelor’s degree (e.g., B.A., B.Sc., B.Ed., LL.B.)	Right	0	0	0	0	0	0	0	1	0	0	0	0	1	0	0	0	1	0	0	0	0	3	4	2	4	4	1	4	3	1	4	4	2	2	4	1	2	2	3	2	4	2	40	4	4	1	2	4	3	3	4	1	4	3	1	1	2	4	4	2	1	3	4	29	2	1	1	2	2	1	2	4	3	3	3	0	1	25	February 20, 2025	Audio	Closed	Doesn't really feel discomfort for disgust. Thermal: temperatures changed because they were too intense. Reports feeling much more pain during chemicalpassive than chemicalactive.	52.9	64.6000000000002	77.3000000000004	42.5	45.5	46.9	0	490	70	63	7	1000		0	490	70	63	7	1000		0	300	70	63	7	1000	No ECG events were found in the ECG channel during visual inspection.;  No ECG events were found in the ECG channel during import	0	300	70	63	7	1000		0	300	70	63	7	1000	No ECG events were found in the ECG channel during visual inspection.;  No ECG events were found in the ECG channel during import	0	300	70	63	7	1000		0	300.004	70	63	7	1000		0	500	70	63	7	1000		0	500	70	63	7	1000		300	0	70	63	7	1000	
sub-090	28	m	Male	right	21-02-2025	TCS	BrainProducts - Actichamp Plus	Yes	1	21/02/2025 16:30:33	sub-090	21-02-2025	28	Male	Male		White		Bachelor’s degree (e.g., B.A., B.Sc., B.Ed., LL.B.)	Right	2	0	0	0	0	0	1	2	0	0	1	1	1	0	1	0	0	0	0	1	0	10	3	3	2	2	2	3	4	1	2	3	1	3	4	3	3	3	3	3	2	3	44	2	4	2	1	3	3	2	3	1	4	2	3	1	1	3	3	2	1	3	3	37	2	1	1	1	1	3	0	2	1	1	2	2	2	19	February 21, 2025	Thermode	Open	Breathes with mouth open during restingclose and moves their eyes (seems to squeeze their eyes shut at certain moments, causing noise in the EEG). Thermal: temperatures adjusted because of very high tolerance, so two temperatures were at 48. Disgust: not really any discomfort.	68.1000000000003	81.8000000000005	90.9000000000006	44.6999999999991	46.9	47.9899999999984	0	490	70	63	7	1000	VEOG channel was inverted after visual inspection indicated blink inversion.	0	490	70	63	7	1000		0	300	70	63	7	1000	VEOG channel was inverted after visual inspection indicated blink inversion.	0	300	70	63	7	1000	VEOG channel was inverted after visual inspection indicated blink inversion.	0	300	70	63	7	1000	VEOG channel was inverted after visual inspection indicated blink inversion.	0	300	70	63	7	1000	VEOG channel was inverted after visual inspection indicated blink inversion.	0	300	70	63	7	1000	VEOG channel was inverted after visual inspection indicated blink inversion.; No ECG events were found in the ECG channel during visual inspection.;  No ECG events were found in the ECG channel during import	0	500	70	63	7	1000	VEOG channel was inverted after visual inspection indicated blink inversion.; No ECG events were found in the ECG channel during visual inspection.;  No ECG events were found in the ECG channel during import	0	500	70	63	7	1000	VEOG channel was inverted after visual inspection indicated blink inversion.	300.004	0	70	63	7	1000	VEOG channel was inverted after visual inspection indicated blink inversion.; No ECG events were found in the ECG channel during visual inspection.;  No ECG events were found in the ECG channel during import
sub-091	25	f	Female	right	26-02-2025	TCS	BrainProducts - Actichamp Plus	Yes	0	26/02/2025 16:26:19	sub-091	26-02-2025	25	Female	Female		White		Master (e.g., M.A., M.Sc., M.Ed., M.B.A.)	Right	0	0	0	0	0	0	0	1	0	0	0	0	0	0	0	0	0	0	0	0	0	1	3	2	4	1	1	3	3	1	2	3	1	2	4	2	2	3	1	1	3	2	33	4	4	1	1	4	1	1	4	1	4	4	1	1	2	4	4	1	1	4	4	21	2	1	1	2	1	2	1	2	4	3	2	2	1	24	February 26, 2025	Audio	Open	Very thick, curly hair. Electrodes generally noisier despite impedance being ok, particularly T8.	57.6000000000001	68.8000000000003	79.5000000000004	45.6999999999989	46.9	47.9899999999984	0	490	70	63	7	1000	No ECG events were found in the ECG channel during visual inspection.;  No ECG events were found in the ECG channel during import	0	490	70	63	7	1000	No ECG events were found in the ECG channel during visual inspection.;  No ECG events were found in the ECG channel during import	0	300	70	63	7	1000		0	300	70	63	7	1000		0	300	70	63	7	1000		0	300	70	63	7	1000		0	289.413	70	63	7	1000	No ECG events were found in the ECG channel during visual inspection.;  No ECG events were found in the ECG channel during import; Resting eyes open task was stopped early at 289s.	0	500	70	63	7	1000		0	500	70	63	7	1000		300.001	0	70	63	7	1000	
sub-092	25	f	Female	right	27-02-2025	TCS	BrainProducts - Actichamp Plus	Yes	0	27/02/2025 11:00:28	sub-092	27-02-2025	25	Female	Female		White		Bachelor’s degree (e.g., B.A., B.Sc., B.Ed., LL.B.)	Right	0	0	0	0	0	1	0	1	0	0	0	0	0	1	0	0	0	0	0	1	0	4	4	2	3	2	1	3	3	1	3	4	1	2	4	3	2	4	2	1	4	1	31	4	4	1	1	4	1	1	4	1	4	4	1	1	1	4	4	1	1	4	4	20	2	0	0	0	0	1	1	2	0	0	1	1	1	9	February 27, 2025	Thermode	Closed	Disgustpassive: electrode CP2 is behaving erratically.	57.5000000000001	67.3000000000002	77.6000000000004	44.1699999999992	46	47.2	0	490	70	63	7	1000		0	490	70	63	7	1000		0	300	70	63	7	1000		0	300	70	63	7	1000		0	300	70	63	7	1000		0	300	70	63	7	1000		0	300.001	70	63	7	1000		0	500	70	63	7	1000		0	500	70	63	7	1000		300.003	0	70	63	7	1000	
sub-093	22	m	Male	right	28-02-2025	TCS	BrainProducts - Actichamp Plus	Yes	1	28/02/2025 16:57:17	sub-093	28-02-2025	22	Male	Male		Black		High school or professional	Right	0	0	0	0	0	0	0	0	0	0	0	0	1	0	1	0	0	0	0	0	2	4	4	1	4	1	1	4	4	2	1	3	1	1	3	4	1	3	2	1	2	1	27	4	3	2	1	3	1	2	3	1	4	4	1	1	1	4	4	1	1	3	3	27	0	0	0	0	0	0	0	0	1	0	0	0	0	1	February 28, 2025	Audio	Open	Drowsy during the tasks and even between tasks. During audioactive hits the Enter button and the cursor freezes, so the task was redone. Tends to move their hands or face frequently during the tasks. Also, is he really paying attention to the task (response delay)?	77.6000000000004	85.1000000000005	88.4000000000006	43.2099999999994	45.3399999999989	46.3	0	490	70	63	7	1000		0	490	70	63	7	1000	VEOG channel was inverted after visual inspection indicated blink inversion.	0	300	70	63	7	1000		0	300	70	63	7	1000		0	300	70	63	7	1000		0	300	70	63	7	1000		0	300.003	70	63	7	1000		0	500	70	63	7	1000		0	500	70	63	7	1000		300.004	0	70	63	7	1000	
sub-094	21	f	Female	right	06-03-2025	TCS	BrainProducts - Actichamp Plus	Yes	0	06/03/2025 11:46:25	sub-094	06-03-2025	21	Female	Female		White, Chinese		CÉGEP/College/Technique	Right	0	0	0	0	1	1	0	1	0	0	0	0	0	0	0	1	0	0	0	1	0	5	4	2	3	2	2	3	3	2	2	4	1	1	4	3	2	4	1	2	4	2	32	4	4	2	2	4	1	1	1	1	3	3	2	1	1	4	4	1	1	4	4	28	1	0	1	0	0	1	1	2	1	2	2	1	1	13	March 6, 2025	Thermode	Closed	No particular issues.	50	67.7000000000002	83.7000000000005	41.3399999999997	44.2999999999991	47.3399999999985	0	490	70	63	7	1000	VEOG channel was inverted after visual inspection indicated blink inversion.	0	490	70	63	7	1000	VEOG channel was inverted after visual inspection indicated blink inversion.	0	300	70	63	7	1000	VEOG channel was inverted after visual inspection indicated blink inversion.	0	300	70	63	7	1000	VEOG channel was inverted after visual inspection indicated blink inversion.	0	300	70	63	7	1000	VEOG channel was inverted after visual inspection indicated blink inversion.	0	300	70	63	7	1000	VEOG channel was inverted after visual inspection indicated blink inversion.	0	300.001	70	63	7	1000	VEOG channel was inverted after visual inspection indicated blink inversion.	0	500	70	63	7	1000	VEOG channel was inverted after visual inspection indicated blink inversion.	0	500	70	63	7	1000	VEOG channel was inverted after visual inspection indicated blink inversion.	300	0	70	63	7	1000	VEOG channel was inverted after visual inspection indicated blink inversion.
sub-096	21	f	Female	right	19-03-2025	TCS	BrainProducts - Actichamp Plus	Yes	0	19/03/2025 16:16:31	sub-096	19-03-2025	21	Female	Female		White		CÉGEP/College/Technique	Right	0	1	0	0	0	0	0	1	0	0	0	0	0	0	0	0	0	0	0	0	1	3	3	2	2	3	1	4	4	1	2	3	1	3	3	3	1	4	2	2	4	2	35	2	4	2	1	4	1	1	4	2	4	4	2	1	1	4	4	1	1	3	4	26	0	0	0	0	0	0	0	0	1	1	1	3	1	7	March 19, 2025	Thermode	Open	Still a few electrodes noisier than the others, but impedances ok. 3rd temperature adjusted: the proposed temperature had not been tolerated during calibration.	65.8000000000002	78.0000000000004	86.6000000000005	40.4499999999999	43.6999999999993	45	0	490	70	63	7	1000	No ECG events were found in the ECG channel during visual inspection.;  No ECG events were found in the ECG channel during import	0	490	70	63	7	1000	No ECG events were found in the ECG channel during visual inspection.;  No ECG events were found in the ECG channel during import	0	300	70	63	7	1000	No ECG events were found in the ECG channel during visual inspection.;  No ECG events were found in the ECG channel during import	0	300	70	63	7	1000		0	300	70	63	7	1000		0	300	70	63	7	1000		0	300.004	70	63	7	1000	No ECG events were found in the ECG channel during visual inspection.;  No ECG events were found in the ECG channel during import	0	500	70	63	7	1000	Temperatures not recorded for thermalactive task, they were inferred from the passive task so might not be completely accurate; No ECG events were found in the ECG channel during visual inspection.;  No ECG events were found in the ECG channel during import	0	500	70	63	7	1000		300.004	0	70	63	7	1000	
sub-097	42	f	Female	left	20-03-2025	TCS	BrainProducts - Actichamp Plus	Yes	0	20/03/2025 11:14:58	sub-097	20-03-2025	42	Female	Female		White, Latin American		Master (e.g., M.A., M.Sc., M.Ed., M.B.A.)	Left	0	0	0	0	0	0	0	0	0	0	0	0	0	0	0	0	0	0	0	0	0	0	3	2	3	2	1	3	2	2	2	4	1	2	4	2	2	3	2	2	2	2	39	4	4	2	1	4	1	1	3	1	4	4	1	1	1	4	4	2	1	3	4	24	1	1	0	1	1	1	0	1	3	2	1	0	1	13	March 20, 2025	Audio	Open	Temperatures 2 and 3 adjusted. Was giving temperatures that had not been tolerated, or barely tolerated, during calibration. Chemicalactive not done: intolerable.	68.3000000000003	77.8000000000004	84.9000000000005	41.5799999999997	42.5	43.8	0	490	70	63	7	1000		0	490	70	63	7	1000									0	300	70	63	7	1000		0	300	70	63	7	1000		0	300	70	63	7	1000		0	300.001	70	63	7	1000		0	500	70	63	7	1000		0	500	70	63	7	1000		300.001	0	70	63	7	1000	
sub-098	19	m	Male	left	27-03-2025	TCS	BrainProducts - Actichamp Plus	Yes	1	27/03/2025 11:34:54	sub-098	27-03-2025	19	Male	Male		White		CÉGEP/College/Technique	Left	1	2	0	2	0	2	0	2	2	0	2	1	1	0	0	1	1	0	0	0	1	18	3	2	3	3	2	2	3	2	3	3	2	2	3	3	2	3	2	3	3	3	45	3	3	2	2	3	2	2	3	2	3	3	2	1	1	3	3	2	2	3	3	38	2	1	1	1	2	2	0	2	1	1	2	2	2	19	March 27, 2025	Thermode	Closed	Electrode C4 during chemicalpassive: behaving erratically (noticed after the task had started).	50	69.9000000000003	82.1000000000005	42.4999999999995	44.979999999999	46.9899999999986	0	490	70	63	7	1000	ECG channel was inverted after visual inspection indicated QRS inversion.	0	490	70	63	7	1000	ECG channel was inverted after visual inspection indicated QRS inversion.	0	300	70	63	7	1000	ECG channel was inverted after visual inspection indicated QRS inversion.	0	300	70	63	7	1000	ECG channel was inverted after visual inspection indicated QRS inversion.	0	300	70	63	7	1000	ECG channel was inverted after visual inspection indicated QRS inversion.	0	300	70	63	7	1000	ECG channel was inverted after visual inspection indicated QRS inversion.	0	300.002	70	63	7	1000	ECG channel was inverted after visual inspection indicated QRS inversion.	0	500	70	63	7	1000	ECG channel was inverted after visual inspection indicated QRS inversion.	0	500	70	63	7	1000	ECG channel was inverted after visual inspection indicated QRS inversion.	300	0	70	63	7	1000	ECG channel was inverted after visual inspection indicated QRS inversion.
sub-099	23	m	Male	right	02-04-2025	TCS	BrainProducts - Actichamp Plus	Yes	1	02/04/2025 16:18:04	sub-099	02-04-2025	23	Male	Male		Arab		Master (e.g., M.A., M.Sc., M.Ed., M.B.A.)	Right	0	0	0	0	0	0	0	0	0	0	0	0	0	0	0	0	0	0	0	0	0	0	4	1	3	3	1	2	3	1	2	3	1	2	4	3	1	4	2	2	3	2	34	4	4	1	1	4	1	2	3	1	3	4	1	1	1	3	3	2	1	3	4	27	0	1	1	2	2	3	0	3	2	1	0	2	3	20	April 2, 2025	Audio	Closed	Some tendency to tap their foot and move their fingers during calibration or waiting periods, so pay attention during data quality analysis. Mentions liking the taste of Tabasco.	56.4000000000001	64.5000000000002	74.3000000000004	41.4599999999997	44.1999999999992	45.9	0	490	70	63	7	1000		0	490	70	63	7	1000		0	300	70	63	7	1000		0	300	70	63	7	1000		0	300	70	63	7	1000		0	300	70	63	7	1000		0	298.592	70	63	7	1000	Resting eyes open task was stopped early at 298s.	0	500	70	63	7	1000		0	500	70	63	7	1000		300.004	0	70	63	7	1000	
sub-100	24	m	Male	right	10-04-2025	TCS	BrainProducts - Actichamp Plus	Yes	1	10/04/2025 11:39:35	sub-100	10-04-2025	24	Male	Male		White		Bachelor’s degree (e.g., B.A., B.Sc., B.Ed., LL.B.)	Right	0	1	0	0	1	1	1	0	0	0	0	0	2	0	0	1	1	0	0	0	0	8	3	2	3	2	1	2	3	1	3	3	2	1	3	1	2	2	3	3	2	2	45	4	4	1	2	2	1	2	3	1	3	4	1	1	4	3	3	3	3	3	4	36	3	2	2	2	2	4	1	4	3	3	4	1	4	35	April 10, 2025	Thermode	Open	No particular issues.	62.8000000000002	75.6000000000004	83.8000000000005	41.9999999999996	44.6499999999991	46.6599999999987	0	490	70	63	7	1000	ECG channel was inverted after visual inspection indicated QRS inversion.	0	490	70	63	7	1000	ECG channel was inverted after visual inspection indicated QRS inversion.	0	300	70	63	7	1000	ECG channel was inverted after visual inspection indicated QRS inversion.	0	300	70	63	7	1000	ECG channel was inverted after visual inspection indicated QRS inversion.	0	300	70	63	7	1000	ECG channel was inverted after visual inspection indicated QRS inversion.	0	300	70	63	7	1000	ECG channel was inverted after visual inspection indicated QRS inversion.	0	300.002	70	63	7	1000	ECG channel was inverted after visual inspection indicated QRS inversion.	0	500	70	63	7	1000	ECG channel was inverted after visual inspection indicated QRS inversion.	0	500	70	63	7	1000	ECG channel was inverted after visual inspection indicated QRS inversion.	300.004	0	70	63	7	1000	ECG channel was inverted after visual inspection indicated QRS inversion.
sub-101	25	m	Male	right	23-05-2025	TCS	BrainProducts - Actichamp Plus	Yes	1	23/05/2025 11:36:37	sub-101	23-05-2025	25	Male	Male		White		Bachelor’s degree (e.g., B.A., B.Sc., B.Ed., LL.B.)	Right	0	0	0	0	0	0	0	0	0	0	0	0	0	0	0	0	0	0	0	0	0	0	4	1	4	3	1	4	4	1	1	4	1	1	4	3	1	3	2	1	4	1	25	4	4	1	1	4	1	1	4	1	4	4	1	1	4	4	3	1	1	4	4	24	1	0	0	1	2	1	0	4	2	0	2	2	1	16	May 23, 2025	Audio	Open	Takes Synthroid.	65.4000000000002	75.6000000000004	83.4000000000005	44.2499999999992	45.9	47.3	0	490	70	63	7	1000		0	490	70	63	7	1000		0	300	70	63	7	1000		0	300	70	63	7	1000		0	300	70	63	7	1000		0	300	70	63	7	1000		0	300	70	63	7	1000		0	500	70	63	7	1000		0	500	70	63	7	1000		300.005	0	70	63	7	1000	
sub-102	32	f	Female	ambidextrous	17-06-2025	TCS	BrainProducts - Actichamp Plus	Yes	0	17/06/2025 12:32:02	sub-102	17-06-2025	32	Female	Female		White		Doctorate degree (e.g., Ph.D.)	Ambidextrous	0	0	0	0	0	0	0	0	0	1	0	0	0	0	0	0	0	0	0	0	0	1	4	2	3	2	1	3	4	1	1	4	1	3	4	4	1	4	1	1	4	2	27	2	4	2	1	3	1	1	4	1	4	2	1	1	1	3	4	1	1	4	4	27	1	0	1	0	0	3	2	1	1	2	1	2	2	16	June 17, 2025	Thermode	Closed	May be drowsy during the tasks. Fp1 tends to be noisier despite impedance being ok. Thermalactive: when there's no pain, tends to move their fingers (like spasms). Audiopassive: the frontal electrodes tend to be noisier.	70.4000000000003	78.3000000000004	84.4000000000005	42.7299999999995	45.149999999999	47.1599999999986	0	490	70	63	7	1000	VEOG channel was inverted after visual inspection indicated blink inversion.	0	490	70	63	7	1000	VEOG channel was inverted after visual inspection indicated blink inversion.	0	300	70	63	7	1000	VEOG channel was inverted after visual inspection indicated blink inversion.	0	300	70	63	7	1000	VEOG channel was inverted after visual inspection indicated blink inversion.	0	300	70	63	7	1000	VEOG channel was inverted after visual inspection indicated blink inversion.	0	300	70	63	7	1000	VEOG channel was inverted after visual inspection indicated blink inversion.	0	300.005	70	63	7	1000	VEOG channel was inverted after visual inspection indicated blink inversion.	0	500	70	63	7	1000	VEOG channel was inverted after visual inspection indicated blink inversion.	0	500	70	63	7	1000	VEOG channel was inverted after visual inspection indicated blink inversion.	300.001	0	70	63	7	1000	VEOG channel was inverted after visual inspection indicated blink inversion.
sub-103	20	f	Female	right	17-06-2025	TCS	BrainProducts - Actichamp Plus	Yes	0	17/06/2025 16:32:48	sub-103	17-06-2025	20	Female	Female		White		CÉGEP/College/Technique	Right	0	0	0	0	0	0	0	1	0	0	0	1	2	0	0	0	0	0	0	0	0	4	3	2	2	2	1	3	2	2	3	3	1	2	3	2	2	2	2	2	2	4	46	3	3	1	1	3	1	1	4	1	3	3	1	1	1	2	4	1	1	3	4	28	3	2	2	1	2	4	1	4	3	2	2	2	3	31	June 17, 2025	Audio	Closed	No particular issues.	55.1000000000001	65.2000000000002	76.4000000000004	41.0699999999998	42.7299999999995	44.7699999999991	0	490	70	63	7	1000	VEOG channel was inverted after visual inspection indicated blink inversion.; ECG channel was inverted after visual inspection indicated QRS inversion.	0	490	70	63	7	1000	VEOG channel was inverted after visual inspection indicated blink inversion.; ECG channel was inverted after visual inspection indicated QRS inversion.	0	300	70	63	7	1000	VEOG channel was inverted after visual inspection indicated blink inversion.; ECG channel was inverted after visual inspection indicated QRS inversion.	0	300	70	63	7	1000	VEOG channel was inverted after visual inspection indicated blink inversion.; ECG channel was inverted after visual inspection indicated QRS inversion.	0	300	70	63	7	1000	VEOG channel was inverted after visual inspection indicated blink inversion.; ECG channel was inverted after visual inspection indicated QRS inversion.	0	300	70	63	7	1000	VEOG channel was inverted after visual inspection indicated blink inversion.; ECG channel was inverted after visual inspection indicated QRS inversion.	0	300.001	70	63	7	1000	VEOG channel was inverted after visual inspection indicated blink inversion.; ECG channel was inverted after visual inspection indicated QRS inversion.	0	500	70	63	7	1000	VEOG channel was inverted after visual inspection indicated blink inversion.; ECG channel was inverted after visual inspection indicated QRS inversion.	0	500	70	63	7	1000	VEOG channel was inverted after visual inspection indicated blink inversion.; ECG channel was inverted after visual inspection indicated QRS inversion.	300.005	0	70	63	7	1000	ECG channel was inverted after visual inspection indicated QRS inversion.
sub-104	31	m	Male	right	09-07-2025	TCS	BrainProducts - Actichamp Plus	Yes	1	09/07/2025 10:31:52	sub-104	09-07-2025	31	Male	Male		White		Master (e.g., M.A., M.Sc., M.Ed., M.B.A.)	Right	0	1	0	0	1	1	0	1	0	0	1	1	1	0	1	1	1	0	0	0	0	10	3	2	3	3	2	3	2	2	3	3	2	1	4	3	2	3	2	2	3	2	41	4	4	1	2	4	1	1	3	1	4	4	1	1	1	3	3	2	1	3	3	27	0	0	1	0	0	1	0	0	1	1	0	0	1	5	July 9, 2025	Thermode	Open	No particular issues.	56.1000000000001	69.0000000000003	80.1000000000004	41.2099999999998	43.8999999999992	47.2599999999986	0	490	70	63	7	1000		0	490	70	63	7	1000		0	300	70	63	7	1000		0	300	70	63	7	1000		0	300	70	63	7	1000		0	300	70	63	7	1000		0	300.001	70	63	7	1000		0	500	70	63	7	1000		0	500	70	63	7	1000		300.006	0	70	63	7	1000	VEOG channel was inverted after visual inspection indicated blink inversion.
sub-105	23	m	Male	left	30-07-2025	TCS	BrainProducts - Actichamp Plus	Yes	1	30/07/2025 15:58:37	sub-105	30-07-2025	23	Male	Male		White		CÉGEP/College/Technique	Left	0	0	1	0	0	0	0	1	0	0	1	0	1	0	0	0	0	0	0	0	0	4	3	2	3	2	2	3	4	3	3	3	1	2	3	3	2	3	2	1	3	2	39	3	4	1	1	3	1	1	4	1	4	3	1	1	1	4	3	1	1	4	4	24	2	1	0	0	1	3	0	1	2	1	2	1	1	15	July 30, 2025	Audio	Open	Reports some visual discomfort from staring at the screen (blinks more at those times as a result).	72.4000000000003	80.8000000000004	87.3000000000005	41.2899999999997	44.7299999999991	47.4999999999985	0	490	70	63	7	1000	VEOG channel was inverted after visual inspection indicated blink inversion.	0	490	70	63	7	1000	VEOG channel was inverted after visual inspection indicated blink inversion.	0	300	70	63	7	1000	VEOG channel was inverted after visual inspection indicated blink inversion.	0	300	70	63	7	1000	VEOG channel was inverted after visual inspection indicated blink inversion.	0	300	70	63	7	1000	VEOG channel was inverted after visual inspection indicated blink inversion.	0	300	70	63	7	1000	VEOG channel was inverted after visual inspection indicated blink inversion.	0	300.001	70	63	7	1000	VEOG channel was inverted after visual inspection indicated blink inversion.	0	500	70	63	7	1000	VEOG channel was inverted after visual inspection indicated blink inversion.	0	500	70	63	7	1000	VEOG channel was inverted after visual inspection indicated blink inversion.	300.001	0	70	63	7	1000	VEOG channel was inverted after visual inspection indicated blink inversion.
sub-106	20	f	Female	right	05-08-2025	TCS	BrainProducts - Actichamp Plus	Yes	0	05/08/2025 13:24:15	sub-106	05-08-2025	20	Female	Female		White		Bachelor’s degree (e.g., B.A., B.Sc., B.Ed., LL.B.)	Right	0	0	2	2	0	2	1	0	0	0	0	0	1	2	0	1	0	0	0	0	0	11	3	3	2	1	1	2	2	1	2	2	2	2	3	3	2	2	2	2	3	2	43	2	3	1	2	3	1	1	3	1	3	3	2	1	2	3	3	2	1	2	3	36	1	1	0	0	1	2	2	1	2	2	1	1	0	14	August 5, 2025	Thermode	Closed	TP9 very noisy during the tasks despite adding gel and adjusting. Participant reports falling asleep during the tasks where she has to stare at the screen with the cross (microsleep).	56.2000000000001	65.7000000000002	76.2000000000004	42.7699999999995	45.119999999999	47.1899999999986	0	490	70	63	7	1000	VEOG channel was inverted after visual inspection indicated blink inversion.; ECG channel was inverted after visual inspection indicated QRS inversion.	0	490	70	63	7	1000	VEOG channel was inverted after visual inspection indicated blink inversion.; ECG channel was inverted after visual inspection indicated QRS inversion.	0	300	70	63	7	1000	VEOG channel was inverted after visual inspection indicated blink inversion.; ECG channel was inverted after visual inspection indicated QRS inversion.	0	300	70	63	7	1000	VEOG channel was inverted after visual inspection indicated blink inversion.; ECG channel was inverted after visual inspection indicated QRS inversion.	0	300	70	63	7	1000	VEOG channel was inverted after visual inspection indicated blink inversion.; ECG channel was inverted after visual inspection indicated QRS inversion.	0	300	70	63	7	1000	VEOG channel was inverted after visual inspection indicated blink inversion.; ECG channel was inverted after visual inspection indicated QRS inversion.	0	300.005	70	63	7	1000	VEOG channel was inverted after visual inspection indicated blink inversion.; ECG channel was inverted after visual inspection indicated QRS inversion.	0	500	70	63	7	1000	VEOG channel was inverted after visual inspection indicated blink inversion.; ECG channel was inverted after visual inspection indicated QRS inversion.	0	500	70	63	7	1000	VEOG channel was inverted after visual inspection indicated blink inversion.; ECG channel was inverted after visual inspection indicated QRS inversion.	270.238	0	70	63	7	1000	VEOG channel was inverted after visual inspection indicated blink inversion.; ECG channel was inverted after visual inspection indicated QRS inversion.; Resting eyes closed task was stopped early at 270s.
sub-107	29	m	Male	right	06-08-2025	TCS	BrainProducts - Actichamp Plus	Yes	1	06/08/2025 16:08:48	sub-107	06-08-2025	29	Male	Male		White, Latin American		Master (e.g., M.A., M.Sc., M.Ed., M.B.A.)	Right	0	0	0	0	0	1	0	1	0	0	0	1	1	0	0	0	0	0	0	1	0	5	3	1	3	2	1	2	2	2	2	3	1	2	3	3	1	2	2	1	3	2	38	3	4	2	2	4	2	1	4	1	4	3	1	1	1	3	3	1	1	3	4	28	1	1	1	0	1	2	0	2	1	1	1	1	2	14	August 6, 2025	Audio	Closed	Nods off during the restingclose task. Very sensitive to the thermode and has to remove it several times during calibration.	55.2000000000001	70.4000000000003	81.1000000000005	40	41.6199999999997	44.1799999999992	0	490	70	63	7	1000	VEOG channel was inverted after visual inspection indicated blink inversion.	0	490	70	63	7	1000	VEOG channel was inverted after visual inspection indicated blink inversion.	0	300	70	63	7	1000	VEOG channel was inverted after visual inspection indicated blink inversion.	0	300	70	63	7	1000	VEOG channel was inverted after visual inspection indicated blink inversion.	0	300	70	63	7	1000	VEOG channel was inverted after visual inspection indicated blink inversion.	0	300	70	63	7	1000	VEOG channel was inverted after visual inspection indicated blink inversion.	0	300.004	70	63	7	1000	VEOG channel was inverted after visual inspection indicated blink inversion.	0	500	70	63	7	1000	VEOG channel was inverted after visual inspection indicated blink inversion.	0	500	70	63	7	1000	VEOG channel was inverted after visual inspection indicated blink inversion.	300	0	70	63	7	1000	VEOG channel was inverted after visual inspection indicated blink inversion.
sub-108	20	f	Female	right	26-08-2025	TCS	BrainProducts - Actichamp Plus	Yes	0	26/08/2025 12:24:25	sub-108	26-08-2025	20	Female	Female		White		CÉGEP/College/Technique	Right	0	0	1	0	0	0	1	1	0	0	0	1	0	0	1	1	0	0	0	1	0	7	3	2	2	2	2	4	4	1	2	3	1	3	4	3	2	3	2	3	4	2	37	4	4	1	1	4	1	1	3	1	4	3	1	1	1	4	4	1	1	4	4	22	0	0	1	0	0	1	1	1	0	0	1	0	2	7	August 26, 2025	Thermode	Open	TP10 very noisy during restingclose. Restarted the task because TP10 was red (added gel). Bug when stopping, so it took time before the task could be restarted. Falls asleep during the audiopassive task. Says she stops tasting the bitter squash after two minutes during the passive task. Tabasco very intense; coughs a lot and brings her hand close to her face despite reminders to stay relaxed.	62.4000000000002	74.3000000000004	83.8000000000005	42.6499999999995	45.019999999999	47.3399999999985	0	490	70	63	7	1000		0	490	70	63	7	1000		0	300	70	63	7	1000		0	300	70	63	7	1000		0	300	70	63	7	1000		0	300	70	63	7	1000		0	300.001	70	63	7	1000		0	500	70	63	7	1000		0	500	70	63	7	1000		300.006	0	70	63	7	1000	
sub-109	24	f	Female	right	22-09-2025	TCS	BrainProducts - Actichamp Plus	Yes	0	22/09/2025 12:31:15	sub-109	22-09-2025	24	Female	Female		Southeast Asian	Chinese	Master (e.g., M.A., M.Sc., M.Ed., M.B.A.)	Right	1	0	1	1	1	0	0	2	2	1	0	3	2	0	3	1	1	3	2	2	2	28	3	2	2	1	1	2	3	2	2	3	2	1	2	2	2	3	1	2	2	1	40	4	4	2	2	3	1	2	3	3	3	3	1	1	1	3	3	1	2	1	4	35	3	1	2	3	1	2	1	4	1	2	1	nan	2	nan	September 22, 2025	Audio	Open	Session conducted in English. During the audiopassive task, seems to frown when the sound is most intense, which adds noise to the frontal electrodes such as Fp1 and Fp2. Also observed in audioactive. Disgustpassive was at the limit of tolerability.	55.3000000000001	63.7000000000002	73.6000000000003	42.5799999999995	44.7899999999991	45.7	0	490	70	63	7	1000		0	490	70	63	7	1000		0	300	70	63	7	1000		0	300	70	63	7	1000		0	300	70	63	7	1000		0	300	70	63	7	1000		0	300.001	70	63	7	1000		0	500	70	63	7	1000		0	500	70	63	7	1000		300.001	0	70	63	7	1000	VEOG channel was inverted after visual inspection indicated blink inversion.
sub-110	21	f	Female	left	23-09-2025	TCS	BrainProducts - Actichamp Plus	Yes	0	23/09/2025 11:53:02	sub-110	23-09-2025	21	Female	Female		White		CÉGEP/College/Technique	Left	0	1	0	0	1	0	1	0	0	0	0	0	0	0	0	0	0	0	0	1	0	4	4	2	4	2	2	3	3	1	2	4	1	2	3	2	3	3	2	2	3	3	38	4	4	1	1	4	1	1	3	1	4	3	2	1	1	4	4	1	1	1	4	26	3	3	2	3	2	2	1	3	2	2	3	2	1	29	September 23, 2025	Thermode	Closed	TP9 very noisy at the start. Disappears during the resting task. Thermode tasks not performed due to a communication bug between the PsychoPy computer and the thermode (temperatures were not changing).	63.5000000000002	73.7000000000003	81.7000000000004				0	490	70	63	7	1000	VEOG channel was inverted after visual inspection indicated blink inversion.	0	490	70	63	7	1000	VEOG channel was inverted after visual inspection indicated blink inversion.	0	300	70	63	7	1000	VEOG channel was inverted after visual inspection indicated blink inversion.	0	300	70	63	7	1000	VEOG channel was inverted after visual inspection indicated blink inversion.	0	300	70	63	7	1000	VEOG channel was inverted after visual inspection indicated blink inversion.	0	300	70	63	7	1000	VEOG channel was inverted after visual inspection indicated blink inversion.	0	300.005	70	63	7	1000	VEOG channel was inverted after visual inspection indicated blink inversion.															300.001	0	70	63	7	1000	VEOG channel was inverted after visual inspection indicated blink inversion.
sub-111	29	f	Female	right	29-09-2025	TCS	BrainProducts - Actichamp Plus	Yes	0	29/09/2025 14:51:32	sub-111	29-09-2025	29	Female	Female		Arab		Doctorate degree (e.g., Ph.D.)	Right	0	0	0	0	0	0	0	0	0	0	0	0	0	0	0	0	0	0	0	0	0	0	4	2	3	3	1	3	3	2	3	3	1	2	4	3	2	4	2	2	3	1	36	3	4	1	1	4	1	2	3	1	3	3	2	1	1	3	3	1	1	3	3	30	1	2	1	1	0	1	0	1	1	1	1	0	1	11	September 29, 2025	Audio	Closed	Very thick hair, so the cap floats a bit in places and some electrodes can occasionally turn red during a task (often TP10-Cz-CPz). Sometimes moves right arm to scratch during the tasks. Disgustactive: Cz loose/floating. Chemicalpassive: TP10 and Pz loose/floating despite check being ok.	69.0000000000003	77.6000000000004	84.2000000000005	43.6599999999993	45.3299999999989	46.6399999999987	0	490	70	63	7	1000	VEOG channel was inverted after visual inspection indicated blink inversion.	0	490	70	63	7	1000	VEOG channel was inverted after visual inspection indicated blink inversion.	0	300	70	63	7	1000	VEOG channel was inverted after visual inspection indicated blink inversion.	0	300	70	63	7	1000	VEOG channel was inverted after visual inspection indicated blink inversion.	0	300	70	63	7	1000	VEOG channel was inverted after visual inspection indicated blink inversion.	0	300	70	63	7	1000	VEOG channel was inverted after visual inspection indicated blink inversion.	0	299.997	70	63	7	1000	VEOG channel was inverted after visual inspection indicated blink inversion.	0	500	70	63	7	1000	VEOG channel was inverted after visual inspection indicated blink inversion.	0	500	70	63	7	1000	VEOG channel was inverted after visual inspection indicated blink inversion.	300.001	0	70	63	7	1000	
sub-112	25	f	Female	left	30-09-2025	TCS	BrainProducts - Actichamp Plus	Yes	0	30/09/2025 16:32:46	sub-112	30-09-2025	25	Female	Female		White		Bachelor’s degree (e.g., B.A., B.Sc., B.Ed., LL.B.)	Left	0	1	0	0	1	0	0	1	1	0	0	0	0	0	1	0	2	0	0	0	0	7	3	3	2	3	1	3	2	1	3	3	2	3	4	2	3	3	1	2	3	2	44	4	4	1	2	3	1	1	4	1	3	3	2	1	1	4	4	1	1	3	4	26	3	2	2	2	2	1	1	3	3	2	2	1	1	25	September 30, 2025	Thermode	Open	Drowsy during the tasks (may nod off a bit), particularly after the resting eyes-closed task. Ok for the disgust and chemical tasks. Did not do chemicalactive: intolerable.	57.9000000000001	67.5000000000003	77.7000000000004	41.8899999999996	43.7599999999993	45.7599999999989	0	490	70	63	7	1000		0	490	70	63	7	1000									0	300	70	63	7	1000		0	300	70	63	7	1000		0	300	70	63	7	1000		0	300.005	70	63	7	1000	VEOG channel was inverted after visual inspection indicated blink inversion.	0	500	70	63	7	1000	VEOG channel was inverted after visual inspection indicated blink inversion.	0	500	70	63	7	1000		300.004	0	70	63	7	1000	
sub-113	19	f	Female	right	01-10-2025	TCS	BrainProducts - Actichamp Plus	Yes	0	01/10/2025 16:27:59	sub-113	01-10-2025	19	Female	Female		White		CÉGEP/College/Technique	Right	0	0	0	0	0	0	0	1	0	0	0	0	0	0	0	0	0	0	0	0	0	1	3	3	2	4	2	3	3	2	3	4	1	3	4	1	2	2	3	3	3	3	49	3	4	3	3	3	1	1	3	1	3	3	1	1	2	3	3	3	1	2	4	36	4	2	1	2	1	4	2	4	2	2	2	1	4	31	October 1, 2025	Audio	Open	TP10 loose/floating, so noisy, especially during the resting task. Thermalactive: habituation -- finds the temperatures less painful than during passive.	64.1000000000002	77.9000000000004	86.1000000000005	43.7099999999993	46.1399999999988	47.9899999999984	0	490	70	63	7	1000	VEOG channel was inverted after visual inspection indicated blink inversion.	0	490	70	63	7	1000	VEOG channel was inverted after visual inspection indicated blink inversion.	0	300	70	63	7	1000	VEOG channel was inverted after visual inspection indicated blink inversion.	0	300	70	63	7	1000	VEOG channel was inverted after visual inspection indicated blink inversion.	0	300	70	63	7	1000	VEOG channel was inverted after visual inspection indicated blink inversion.	0	300	70	63	7	1000	VEOG channel was inverted after visual inspection indicated blink inversion.	0	300.001	70	63	7	1000	VEOG channel was inverted after visual inspection indicated blink inversion.	0	500	70	63	7	1000	VEOG channel was inverted after visual inspection indicated blink inversion.	0	500	70	63	7	1000	VEOG channel was inverted after visual inspection indicated blink inversion.	300.005	0	70	63	7	1000	VEOG channel was inverted after visual inspection indicated blink inversion.
sub-114	27	f	Female	right	06-10-2025	TCS	BrainProducts - Actichamp Plus	Yes	0	06/10/2025 11:11:38	sub-114	06-10-2025	27	Female	Female		White		Bachelor’s degree (e.g., B.A., B.Sc., B.Ed., LL.B.)	Right	0	2	2	1	0	0	0	1	0	0	0	1	2	1	1	0	0	0	0	0	0	11	3	2	2	3	3	4	4	2	3	2	2	4	4	1	3	2	2	3	4	2	48	4	4	1	1	4	1	1	4	1	4	3	2	1	1	3	3	2	1	3	4	26	0	3	1	2	4	1	0	3	2	2	3	0	1	22	October 6, 2025	Thermode	Closed	No particular issues.	56.2000000000001	70.9000000000003	81.4000000000005	41.3299999999997	43.3299999999993	45.6899999999989	0	490	70	63	7	1000	VEOG channel was inverted after visual inspection indicated blink inversion.	0	490	70	63	7	1000	VEOG channel was inverted after visual inspection indicated blink inversion.	0	300	70	63	7	1000	VEOG channel was inverted after visual inspection indicated blink inversion.	0	300	70	63	7	1000	VEOG channel was inverted after visual inspection indicated blink inversion.	0	300	70	63	7	1000	VEOG channel was inverted after visual inspection indicated blink inversion.	0	300	70	63	7	1000	VEOG channel was inverted after visual inspection indicated blink inversion.	0	300.005	70	63	7	1000	VEOG channel was inverted after visual inspection indicated blink inversion.	0	500	70	63	7	1000	VEOG channel was inverted after visual inspection indicated blink inversion.	0	500	70	63	7	1000	VEOG channel was inverted after visual inspection indicated blink inversion.	300.008	0	70	63	7	1000	VEOG channel was inverted after visual inspection indicated blink inversion.
sub-115	19	f	Female	right	08-10-2025	TCS	BrainProducts - Actichamp Plus	Yes	0	09/10/2025 21:06:42	sub-115	08-10-2025	19	Female	Female		White		CÉGEP/College/Technique	Right	1	0	0	0	0	0	0	0	0	0	1	1	0	0	0	0	1	0	0	0	1	5	3	2	4	1	1	3	3	2	1	4	2	1	4	3	1	4	2	2	4	1	29	3	4	1	1	4	1	2	4	1	4	4	1	1	1	4	4	2	1	4	4	23	0	2	1	2	2	3	3	3	3	3	3	2	0	27	October 8, 2025	Audio	Closed	Thermalactive: at the second-to-last temperature (low pain), a screen bug caused removal of the thermode and movement from the person. The rating may have been affected for about 15-20s. Disgustpassive: same issue for a few seconds, but no movement from the person. Completed the questionnaires on 9 October 2025.	57.2000000000001	68.2000000000003	78.8000000000004	40.5699999999999	42.2499999999996	44.829999999999	0	490	70	63	7	1000		0	490	70	63	7	1000		0	300	70	63	7	1000		0	300	70	63	7	1000		0	300	70	63	7	1000		0	300	70	63	7	1000		0	300.001	70	63	7	1000		0	500	70	63	7	1000		0	500	70	63	7	1000		300.004	0	70	63	7	1000	
sub-116	23	f	Female	right	16-10-2025	TCS	BrainProducts - Actichamp Plus	Yes	0	16/10/2025 11:15:59	sub-116	16-10-2025	23	Female	Female		Korean		Bachelor’s degree (e.g., B.A., B.Sc., B.Ed., LL.B.)	Right	0	0	0	0	0	0	0	1	0	0	0	0	0	0	0	0	0	0	0	0	0	1	4	2	3	1	1	3	3	2	2	4	1	2	4	2	2	3	2	2	3	2	35	4	4	1	1	4	1	1	3	1	4	4	1	1	1	3	3	1	1	4	4	23	1	1	0	1	1	2	0	2	1	1	2	1	2	15	October 16, 2025	Thermode	Open	Thick hair, cap a bit loose/floating. Frontal electrodes tend to be noisier.	58.7000000000001	68.0000000000003	78.1000000000004	40.4399999999999	42.5399999999995	45.219999999999	0	490	70	63	7	1000		0	490	70	63	7	1000		0	300	70	63	7	1000		0	300	70	63	7	1000		0	300	70	63	7	1000		0	300	70	63	7	1000		0	300.001	70	63	7	1000		0	500	70	63	7	1000		0	500	70	63	7	1000		300.005	0	70	63	7	1000	
sub-117	20	f	Female	right	27-10-2025	TCS	BrainProducts - Actichamp Plus	Yes	0	27/10/2025 11:32:27	sub-117	27-10-2025	20	Female	Female		White		CÉGEP/College/Technique	Right	0	0	0	0	0	0	0	0	0	0	0	0	0	0	0	0	0	0	0	0	0	0	4	3	4	3	1	3	3	1	2	4	1	1	4	3	1	4	2	1	4	1	29	4	4	1	1	4	1	1	4	1	4	4	1	1	1	4	4	1	1	4	4	20	0	0	0	0	0	0	0	0	1	0	0	0	0	1	October 27, 2025	Audio	Open	Not very sensitive to the bitter squash or the Tabasco.	73.8000000000003	82.5000000000005	89.2000000000006	42.6299999999995	45.3399999999989	47.8799999999984	0	490	70	63	7	1000	ECG channel was inverted after visual inspection indicated QRS inversion.	0	490	70	63	7	1000	ECG channel was inverted after visual inspection indicated QRS inversion.	0	300	70	63	7	1000	ECG channel was inverted after visual inspection indicated QRS inversion.	0	300	70	63	7	1000	ECG channel was inverted after visual inspection indicated QRS inversion.	0	300	70	63	7	1000	ECG channel was inverted after visual inspection indicated QRS inversion.	0	300	70	63	7	1000	ECG channel was inverted after visual inspection indicated QRS inversion.	0	300.005	70	63	7	1000	ECG channel was inverted after visual inspection indicated QRS inversion.	0	500	70	63	7	1000	ECG channel was inverted after visual inspection indicated QRS inversion.	0	500	70	63	7	1000	ECG channel was inverted after visual inspection indicated QRS inversion.	300.006	0	70	63	7	1000	ECG channel was inverted after visual inspection indicated QRS inversion.
sub-118	23	m	Male	right	11-11-2025	TCS	BrainProducts - Actichamp Plus	Yes	1	11/11/2025 11:31:05	sub-118	11-11-2025	23	Male	Male		White		Bachelor’s degree (e.g., B.A., B.Sc., B.Ed., LL.B.)	Right	0	0	0	0	0	1	0	0	0	0	0	0	0	0	0	1	1	1	0	0	0	4	3	1	3	1	1	3	4	1	3	3	1	2	3	4	1	3	3	2	4	3	34	4	4	2	1	4	1	1	3	1	4	4	1	1	1	3	4	2	1	4	4	24	0	1	0	1	2	1	0	2	3	2	1	2	0	15	November 11, 2025	Thermode	Closed	May tend to grimace at the higher intensities (pain and discomfort). Reports having low tolerance for spicy food. For thermalcalibration, the last temperature of 48 was not administered (bug), so the chosen intensities were adjusted.	79.9000000000004	86.2000000000005	89.2000000000006	42.6699999999995	45.7799999999989	47.9899999999984	0	490	70	63	7	1000		0	490	70	63	7	1000		0	300	70	63	7	1000		0	300	70	63	7	1000		0	300	70	63	7	1000		0	300	70	63	7	1000		0	300.004	70	63	7	1000		0	500	70	63	7	1000		0	500	70	63	7	1000		300.001	0	70	63	7	1000	
sub-119	23	m	Male	left	18-04-2002	TCS	BrainProducts - Actichamp Plus	Yes	1	19/11/2025 16:14:42	sub-119	18-04-2002	23	Male	Male		White		Bachelor’s degree (e.g., B.A., B.Sc., B.Ed., LL.B.)	Left	1	0	1	1	0	0	1	0	0	0	1	1	1	0	1	0	1	0	0	0	0	9	3	1	2	3	1	4	4	1	2	3	1	2	4	3	1	3	2	2	3	2	34	4	4	2	1	4	1	1	3	1	4	4	1	1	1	3	4	1	1	2	4	25	1	1	0	0	0	1	0	1	1	1	1	1	0	8	November 19, 2025	Audio	Closed	For thermalcalibration, the last temperature of 48 was not administered (bug), so the chosen intensities were adjusted. During the audio tasks, feels some discomfort from the pressure of the headphones on the EEG cap (several adjustments were made to minimize the discomfort, but it was not fully eliminated).	66.0000000000002	77.4000000000004	85.1000000000005	41.3899999999997	43.7699999999993	46.2	0	490	70	63	7	1000		0	490	70	63	7	1000		0	300	70	63	7	1000		0	300	70	63	7	1000		0	300	70	63	7	1000		0	300	70	63	7	1000		0	300.005	70	63	7	1000		0	500	70	63	7	1000		0	500	70	63	7	1000		300.004	0	70	63	7	1000	
sub-120	19	f	Female	left	26-11-2025	TCS	BrainProducts - Actichamp Plus	Yes	0	26/11/2025 16:33:28	sub-120	26-11-2025	19	Female	Female		White		High school or professional	Left	0	0	1	0	0	0	0	1	0	1	0	0	0	0	0	0	0	0	0	0	0	3	3	3	3	3	2	2	1	2	3	3	1	2	4	1	2	3	4	2	4	2	47	4	4	2	2	3	1	2	1	1	4	3	1	1	1	2	3	3	2	4	3	35	0	0	0	0	0	1	0	0	0	0	0	0	0	1	November 26, 2025	Thermode	Open	Feels discomfort from the screen brightness, so it was reduced. TP10 tends to be noisier. A lot of noise in the electrodes at the highest intensities in the tasks. Drowsy during the audio and disgustactive tasks.	54.0000000000001	63.9000000000002	75.5000000000004	40.3999999999999	43.9899999999992	47.5399999999985	0	490	70	63	7	1000		0	490	70	63	7	1000		0	300	70	63	7	1000		0	300	70	63	7	1000		0	300	70	63	7	1000		0	300	70	63	7	1000		0	300.005	70	63	7	1000		0	500	70	63	7	1000		0	500	70	63	7	1000		299.998	0	70	63	7	1000	
sub-121	29	f	Female	right	05-09-1996	TCS	BrainProducts - Actichamp Plus	Yes	0	28/11/2025 11:20:35	sub-121	05-09-1996	29	Female	Female		White		Bachelor’s degree (e.g., B.A., B.Sc., B.Ed., LL.B.)	Right	1	3	2	0	0	0	1	2	0	1	0	1	1	1	0	2	0	0	0	1	0	16	3	1	2	3	2	2	4	1	1	3	3	1	3	3	2	2	2	2	4	2	39	4	4	1	1	4	1	1	3	1	4	4	1	1	1	4	4	1	1	4	4	21	0	0	0	0	0	0	0	0	0	0	0	0	0	0	November 28, 2025	Audio	Open	High pain tolerance, so temperatures adjusted for the thermal tasks since two temperatures were above 47.	72.9000000000003	79.7000000000004	85.0000000000005	45.9999999999988	46.8	47.9899999999984	0	490	70	63	7	1000		0	490	70	63	7	1000		0	300	70	63	7	1000		0	300	70	63	7	1000		0	300	70	63	7	1000		0	300	70	63	7	1000		0	299.997	70	63	7	1000		0	500	70	63	7	1000		0	500	70	63	7	1000		300.005	0	70	63	7	1000	
sub-122	21	f	Female	right	08-12-2025	TCS	BrainProducts - Actichamp Plus	Yes	0	08/12/2025 22:27:03	sub-122	08-12-2025	21	Female	Female		Latin American		CÉGEP/College/Technique	Right	0	0	0	0	0	0	0	0	0	0	0	0	1	0	0	1	1	1	0	1	0	5	3	2	3	3	1	3	3	1	2	4	2	1	3	3	1	3	2	1	2	2	36	3	4	2	3	3	1	2	3	1	4	4	1	1	1	2	3	1	1	1	4	33	0	0	0	0	0	1	0	0	0	0	0	0	1	2	December 8, 2025	Thermode	Closed	Tends to fidget a lot, particularly the fingers. When she tries not to move (e.g. thermalpassive), she has non-painful muscle spasms. Mentions not being used to staying still. Also tends to blink a lot.	68.7000000000003	77.5000000000004	84.3000000000005	43.9099999999992	45.7499999999989	47.1799999999986	0	490	70	63	7	1000	VEOG channel was inverted after visual inspection indicated blink inversion.	0	490	70	63	7	1000	VEOG channel was inverted after visual inspection indicated blink inversion.	0	300	70	63	7	1000	VEOG channel was inverted after visual inspection indicated blink inversion.	0	300	70	63	7	1000	VEOG channel was inverted after visual inspection indicated blink inversion.	0	300	70	63	7	1000	VEOG channel was inverted after visual inspection indicated blink inversion.	0	300	70	63	7	1000	VEOG channel was inverted after visual inspection indicated blink inversion.	0	300.005	70	63	7	1000	VEOG channel was inverted after visual inspection indicated blink inversion.	0	500	70	63	7	1000	VEOG channel was inverted after visual inspection indicated blink inversion.	0	500	70	63	7	1000	VEOG channel was inverted after visual inspection indicated blink inversion.	300	0	70	63	7	1000	
sub-123	24	f	Female	right	28-1-2026	TCS	BrainProducts - Actichamp Plus	Yes	0	28/01/2026 13:50:01	sub-123	28-1-2026	24	Female	Female		White		CÉGEP/College/Technique	Right	1	0	0	0	0	0	0	1	0	0	0	0	0	0	0	1	1	0	0	0	0	4	3	2	3	2	1	3	3	2	2	4	1	1	4	3	3	3	2	3	2	3	39	4	4	1	1	4	1	1	4	1	4	4	1	1	1	4	4	1	1	2	4	22	2	0	1	1	1	3	1	3	3	2	2	1	0	20	January 28, 2026	Audio	Closed	T7 and TP9 tend to be slightly noisier.	60.9000000000002	70.9000000000003	80.0000000000004	41.5799999999997	44.0399999999992	46.1799999999988	0	490	70	63	7	1000	VEOG channel was inverted after visual inspection indicated blink inversion.	0	490	70	63	7	1000	VEOG channel was inverted after visual inspection indicated blink inversion.	0	300	70	63	7	1000	VEOG channel was inverted after visual inspection indicated blink inversion.	0	300	70	63	7	1000	VEOG channel was inverted after visual inspection indicated blink inversion.	0	300	70	63	7	1000	VEOG channel was inverted after visual inspection indicated blink inversion.	0	300	70	63	7	1000	VEOG channel was inverted after visual inspection indicated blink inversion.	0	300.005	70	63	7	1000	VEOG channel was inverted after visual inspection indicated blink inversion.	0	500	70	63	7	1000		0	500	70	63	7	1000	VEOG channel was inverted after visual inspection indicated blink inversion.	300.005	0	70	63	7	1000	VEOG channel was inverted after visual inspection indicated blink inversion.
sub-124	32	m	Male	right	02-02-2026	TCS	BrainProducts - Actichamp Plus	Yes	1	02/02/2026 11:16:47	sub-124	02-02-2026	32	Male	Male		Black		Master (e.g., M.A., M.Sc., M.Ed., M.B.A.)	Right	0	0	0	0	0	0	0	0	0	0	0	0	0	0	0	0	1	0	0	0	0	1	4	2	3	1	1	3	4	1	1	4	3	3	2	3	1	4	3	1	4	3	34	4	4	1	1	4	1	1	4	1	4	4	1	1	1	4	4	1	1	4	4	20	0	0	0	0	0	0	0	2	0	1	1	1	3	8	February 2, 2026	Thermode	Open	Swings from one extreme to another several times during thermode calibration. Falls asleep a little during resting eyes open, plus blinking. Falls asleep during almost all tasks, plus moves a lot (fingers/arms/scratching). TP10 slightly noisier at certain moments. Coughs during chemicalpassive.	67.3000000000002	79.1000000000004	85.8000000000005	41.6499999999997	43.4799999999993	45.4699999999989	0	490	70	63	7	1000	VEOG channel was inverted after visual inspection indicated blink inversion.	0	490	70	63	7	1000		0	300	70	63	7	1000	VEOG channel was inverted after visual inspection indicated blink inversion.	0	300	70	63	7	1000	VEOG channel was inverted after visual inspection indicated blink inversion.	0	300	70	63	7	1000	VEOG channel was inverted after visual inspection indicated blink inversion.	0	300	70	63	7	1000	VEOG channel was inverted after visual inspection indicated blink inversion.	0	300.006	70	63	7	1000	VEOG channel was inverted after visual inspection indicated blink inversion.	0	500	70	63	7	1000	VEOG channel was inverted after visual inspection indicated blink inversion.	0	500	70	63	7	1000	VEOG channel was inverted after visual inspection indicated blink inversion.	300	0	70	63	7	1000	VEOG channel was inverted after visual inspection indicated blink inversion.
sub-125	22	f	Female	right	12-02-2026	TCS	BrainProducts - Actichamp Plus	Yes	0	12/02/2026 11:10:14	sub-125	12-02-2026	22	Female	Female		White		CÉGEP/College/Technique	Right	0	1	0	0	0	0	0	1	0	0	0	0	0	0	1	1	1	0	0	0	0	5	3	2	4	1	1	2	2	1	1	3	1	2	3	3	2	3	1	2	2	2	36	4	4	1	1	4	1	1	3	1	4	4	1	1	1	4	4	1	1	3	4	22	0	1	0	1	1	3	2	2	1	1	2	0	0	14	February 12, 2026	Audio	Open	FP1 and AF7 tend to be noisier. High tolerance to thermal (heat) stimulation.	54.8000000000001	67.3000000000002	78.6000000000004	41.8499999999996	44.4799999999991	46.5099999999987	0	490	70	63	7	1000		0	490	70	63	7	1000		0	300	70	63	7	1000		0	300	70	63	7	1000		0	300	70	63	7	1000		0	300	70	63	7	1000		0	300.004	70	63	7	1000		0	500	70	63	7	1000		0	500	70	63	7	1000		300	0	70	63	7	1000	
sub-126	26	f	Female	left	18-02-2026	TCS	BrainProducts - Actichamp Plus	Yes	0	18/02/2026 11:13:54	sub-126	18-02-2026	26	Female	Female		White		Master (e.g., M.A., M.Sc., M.Ed., M.B.A.)	Left	0	0	0	0	1	0	0	3	0	0	0	0	2	0	1	1	1	0	0	0	0	9	3	2	2	2	2	3	3	1	1	3	1	2	4	1	2	3	3	3	3	2	41	3	4	1	1	3	1	1	3	1	4	3	2	1	1	3	4	1	1	4	4	26	2	3	0	0	1	0	0	2	2	2	nan	0	0	nan	February 18, 2026	Thermode	Closed	A lot of blinking during the tasks. Fp2 and AF7 tend to be slightly noisier. Grimaces during the disgustpassive task. Low tolerance for hot sauce. Difficulty sitting still during the tasks and moves a lot (fingers/head/leg).	68.6000000000003	76.3000000000004	82.4000000000005	42.0799999999996	43.8999999999992	45.7899999999989	0	490	70	63	7	1000	VEOG channel was inverted after visual inspection indicated blink inversion.	0	490	70	63	7	1000	VEOG channel was inverted after visual inspection indicated blink inversion.	0	300	70	63	7	1000	VEOG channel was inverted after visual inspection indicated blink inversion.	0	300	70	63	7	1000	VEOG channel was inverted after visual inspection indicated blink inversion.	0	300	70	63	7	1000	VEOG channel was inverted after visual inspection indicated blink inversion.	0	300	70	63	7	1000	VEOG channel was inverted after visual inspection indicated blink inversion.	0	300.005	70	63	7	1000	VEOG channel was inverted after visual inspection indicated blink inversion.	0	500	70	63	7	1000	VEOG channel was inverted after visual inspection indicated blink inversion.	0	500	70	63	7	1000	VEOG channel was inverted after visual inspection indicated blink inversion.	300.001	0	70	63	7	1000	VEOG channel was inverted after visual inspection indicated blink inversion.
sub-127	32	f	Female	right	18-02-2026	TCS	BrainProducts - Actichamp Plus	Yes	0	18/02/2026 16:05:09	sub-127	18-02-2026	32	Female	Female		Black		Bachelor’s degree (e.g., B.A., B.Sc., B.Ed., LL.B.)	Right	2	1	0	2	0	0	0	0	0	1	1	2	0	0	0	0	1	1	0	2	1	14	3	2	3	3	1	2	2	2	2	3	2	2	3	3	2	3	2	2	3	2	42	3	4	1	3	4	1	1	3	1	3	4	1	3	1	3	3	1	1	3	3	31	1	2	1	2	0	1	2	3	2	0	1	0	1	16	February 18, 2026	Audio	Closed	High tolerance for heat (thermode) and sound (audio). Difficulty keeping eyes open during the tasks, so a lot of blinking.	66.7000000000002	81.7000000000004	89.1000000000006	41.2399999999998	44.6599999999991	46.9199999999986	0	490	70	63	7	1000	VEOG channel was inverted after visual inspection indicated blink inversion.	0	490	70	63	7	1000	VEOG channel was inverted after visual inspection indicated blink inversion.	0	300	70	63	7	1000	VEOG channel was inverted after visual inspection indicated blink inversion.	0	300	70	63	7	1000	VEOG channel was inverted after visual inspection indicated blink inversion.	0	300	70	63	7	1000	VEOG channel was inverted after visual inspection indicated blink inversion.	0	300	70	63	7	1000	VEOG channel was inverted after visual inspection indicated blink inversion.	0	300.001	70	63	7	1000	VEOG channel was inverted after visual inspection indicated blink inversion.	0	500	70	63	7	1000	VEOG channel was inverted after visual inspection indicated blink inversion.	0	500	70	63	7	1000	VEOG channel was inverted after visual inspection indicated blink inversion.	300.001	0	70	63	7	1000	VEOG channel was inverted after visual inspection indicated blink inversion.
sub-128	34	m	Male	right	25-02-2026	TCS	BrainProducts - Actichamp Plus	Yes	1	25/02/2026 16:33:20	sub-128	25-02-2026	34	Male	Male		Western Asian	Turkish (Iranian)	Doctorate degree (e.g., Ph.D.)	Right	1	0	0	0	0	0	0	0	0	0	0	0	0	0	0	0	0	0	0	0	0	1	4	3	4	3	1	2	3	2	2	3	3	1	3	3	2	3	2	2	3	2	40	3	3	1	1	4	1	1	3	1	4	4	1	1	2	4	3	1	1	1	4	28	0	0	0	0	0	0	1	1	1	1	0	1	1	6	February 25, 2026	Thermode	Open	"Session conducted in English. Not their first language (Turkish). Low thermode tolerance and ratings that swing quickly from one extreme to another (""no pain at all"" to ""extremely painful""). Falls asleep a little during resting open. Fell asleep during resting close. Low pain ratings during the active thermode task (often between the ""no pain"" and ""very mild pain"" regions, and only slightly above ""very mild pain""). Moves during the passive thermode task (tenses up 1-2 times). Difficulty understanding despite repetitions and rephrasing. Coughs during the passive Tabasco task. Tabasco very intense."	73.9000000000004	80.6000000000004	85.8000000000005	41.5199999999997	42.8899999999994	44.5799999999991	0	490	70	63	7	1000	VEOG channel was inverted after visual inspection indicated blink inversion.	0	490	70	63	7	1000	VEOG channel was inverted after visual inspection indicated blink inversion.	0	300	70	63	7	1000	VEOG channel was inverted after visual inspection indicated blink inversion.	0	300	70	63	7	1000	VEOG channel was inverted after visual inspection indicated blink inversion.	0	300	70	63	7	1000	VEOG channel was inverted after visual inspection indicated blink inversion.	0	300	70	63	7	1000	VEOG channel was inverted after visual inspection indicated blink inversion.	0	300.005	70	63	7	1000	VEOG channel was inverted after visual inspection indicated blink inversion.	0	500	70	63	7	1000	VEOG channel was inverted after visual inspection indicated blink inversion.	0	500	70	63	7	1000	VEOG channel was inverted after visual inspection indicated blink inversion.	300.001	0	70	63	7	1000	VEOG channel was inverted after visual inspection indicated blink inversion.
sub-129	21	f	Female	right	05-03-2026	TCS	BrainProducts - Actichamp Plus	Yes	0	05/03/2026 10:51:15	sub-129	05-03-2026	21	Female	Female		White		CÉGEP/College/Technique	Right	0	0	0	2	1	0	1	2	0	0	0	1	0	0	1	0	1	0	0	1	2	12	3	2	1	1	1	2	4	1	2	3	1	3	4	3	2	3	1	1	3	1	35	4	4	1	1	4	1	1	3	1	4	3	1	1	2	4	3	1	1	2	4	26	0	0	0	1	0	2	0	4	1	1	1	0	1	11	March 5, 2026	Audio	Open	Low tolerance for loud sounds. Dozes off during the restingclose task. Often eats Tabasco.	50.5	57.9000000000001	67.4000000000003	40	40.6499999999999	42.8999999999994	0	490	70	63	7	1000	VEOG channel was inverted after visual inspection indicated blink inversion.	0	490	70	63	7	1000	VEOG channel was inverted after visual inspection indicated blink inversion.	0	300	70	63	7	1000	VEOG channel was inverted after visual inspection indicated blink inversion.	0	300	70	63	7	1000	VEOG channel was inverted after visual inspection indicated blink inversion.	0	300	70	63	7	1000	VEOG channel was inverted after visual inspection indicated blink inversion.	0	300	70	63	7	1000	VEOG channel was inverted after visual inspection indicated blink inversion.	0	294.238	70	63	7	1000	VEOG channel was inverted after visual inspection indicated blink inversion.; Resting eyes open task was stopped early at 294s.	0	500	70	63	7	1000	VEOG channel was inverted after visual inspection indicated blink inversion.	0	500	70	63	7	1000	VEOG channel was inverted after visual inspection indicated blink inversion.	300.005	0	70	63	7	1000	VEOG channel was inverted after visual inspection indicated blink inversion.
sub-130	23	m	Male	right	26-03-2026	TCS	BrainProducts - Actichamp Plus	Yes	1	26/03/2026 10:59:18	sub-130	26-03-2026	23	Male	Male		White		CÉGEP/College/Technique	Right	0	0	0	0	0	0	0	0	0	0	0	0	0	0	1	0	0	0	0	0	0	1	4	1	3	4	1	3	4	2	1	4	1	1	4	4	1	4	1	1	4	1	26	4	4	4	1	4	1	1	4	1	4	4	2	1	1	4	4	1	1	2	4	26	0	0	0	0	0	0	0	0	0	0	0	0	0	0	March 26, 2026	Thermode	Closed	T8 and TP9 tend to be slightly noisier. Very high heat tolerance (thermode).	76.2000000000004	84.4000000000005	90.8000000000006	41.8899999999996	44.829999999999	47.5999999999985	0	490	70	63	7	1000		0	490	70	63	7	1000		0	300	70	63	7	1000		0	300	70	63	7	1000		0	300	70	63	7	1000		0	300	70	63	7	1000		0	300.001	70	63	7	1000		0	500	70	63	7	1000		0	500	70	63	7	1000		300.001	0	70	63	7	1000	
sub-131	29	m	Male	right	01-04-2026	TCS	BrainProducts - Actichamp Plus	Yes	1	01/04/2026 12:21:06	sub-131	01-04-2026	29	Male	Male		White		Master (e.g., M.A., M.Sc., M.Ed., M.B.A.)	Right	0	0	0	0	0	0	0	1	0	0	0	0	0	0	0	0	0	0	0	0	0	1	4	2	3	3	1	3	3	1	2	4	1	2	4	4	2	3	2	2	4	2	33	3	4	2	1	3	1	1	4	1	4	3	1	1	2	3	4	1	1	3	4	27	0	1	0	0	0	2	1	3	1	0	1	0	0	9	April 1, 2026	Audio	Closed	T7 tends to be slightly noisier. High tolerance for heat (thermode) and sound (headphones).	73.9000000000004	81.9000000000005	88.0000000000005	44.6299999999991	46.8	47.9899999999984	0	490	70	63	7	1000	VEOG channel was inverted after visual inspection indicated blink inversion.	0	490	70	63	7	1000	VEOG channel was inverted after visual inspection indicated blink inversion.	0	300	70	63	7	1000	VEOG channel was inverted after visual inspection indicated blink inversion.	0	300	70	63	7	1000	VEOG channel was inverted after visual inspection indicated blink inversion.	0	300	70	63	7	1000	VEOG channel was inverted after visual inspection indicated blink inversion.	0	300	70	63	7	1000	VEOG channel was inverted after visual inspection indicated blink inversion.	0	300.005	70	63	7	1000	VEOG channel was inverted after visual inspection indicated blink inversion.	0	500	70	63	7	1000	VEOG channel was inverted after visual inspection indicated blink inversion.	0	500	70	63	7	1000	VEOG channel was inverted after visual inspection indicated blink inversion.	300.001	0	70	63	7	1000	VEOG channel was inverted after visual inspection indicated blink inversion.
sub-132	32	f	Female	right	15-04-2026	TCS	BrainProducts - Actichamp Plus	Yes	0	15/04/2026 10:57:49	sub-132	15-04-2026	32	Female	Female		White		Master (e.g., M.A., M.Sc., M.Ed., M.B.A.)	Right	0	1	0	0	0	0	0	0	0	0	0	1	1	0	0	0	0	0	0	0	0	3	3	3	3	2	1	3	2	2	3	3	1	3	4	2	2	3	2	3	2	2	44	3	4	2	2	3	1	1	2	1	3	3	2	1	1	3	3	2	1	3	3	34	nan	1	0	0	0	2	0	1	3	3	2	0	0	nan	April 15, 2026	Thermode	Open	TP10 tends to be slightly noisier.	50	59.9000000000001	73.0000000000003	40.2699999999999	41.6799999999997	43.7999999999992	0	490	70	63	7	1000		0	490	70	63	7	1000	VEOG channel was inverted after visual inspection indicated blink inversion.	0	300	70	63	7	1000	VEOG channel was inverted after visual inspection indicated blink inversion.	0	300	70	63	7	1000	VEOG channel was inverted after visual inspection indicated blink inversion.	0	300	70	63	7	1000	VEOG channel was inverted after visual inspection indicated blink inversion.	0	300	70	63	7	1000		0	300.001	70	63	7	1000	VEOG channel was inverted after visual inspection indicated blink inversion.	0	500	70	63	7	1000	VEOG channel was inverted after visual inspection indicated blink inversion.	0	500	70	63	7	1000	VEOG channel was inverted after visual inspection indicated blink inversion.	299.993	0	70	63	7	1000	VEOG channel was inverted after visual inspection indicated blink inversion.
